file,app,iscorrect,topk,isCorrectMRR,firstrankIscorrect
fold_1valid.csv,Applicatons/libraries,0,5,0,0
fold_1valid.csv,project147,0,5,0,0
fold_1valid.csv,project512,0,5,0,0
fold_1valid.csv,project928,0,5,0,0
fold_1valid.csv,project534,0,5,0,0
fold_1valid.csv,project480,0,5,0,0
fold_1valid.csv,project502,0,5,0,0
fold_1valid.csv,project90,1,5,0.3333333333333333,0.3333333333333333
fold_1valid.csv,project765,0,5,0,0
fold_1valid.csv,project15,0,5,0,0
fold_1valid.csv,project528,0,5,0,0
fold_1valid.csv,project665,0,5,0,0
fold_1valid.csv,project56,1,5,0.5,0.5
fold_1valid.csv,project10,0,5,0,0
fold_1valid.csv,project604,0,5,0,0
fold_1valid.csv,project826,0,5,0,0
fold_1valid.csv,project33,1,5,1.0,1.0
fold_1valid.csv,project404,0,5,0,0
fold_1valid.csv,project36,1,5,1.0,1.0
fold_1valid.csv,project673,1,5,1.0,1.0
fold_1valid.csv,project286,0,5,0,0
fold_1valid.csv,project741,0,5,0,0
fold_1valid.csv,project406,1,5,1.0,1.0
fold_1valid.csv,project339,0,5,0,0
fold_1valid.csv,project390,1,5,1.0,1.0
fold_1valid.csv,project518,0,5,0,0
fold_1valid.csv,project228,0,5,0,0
fold_1valid.csv,project603,0,5,0,0
fold_1valid.csv,project521,0,5,0,0
fold_1valid.csv,project116,0,5,0,0
fold_1valid.csv,project584,0,5,0,0
fold_1valid.csv,project936,0,5,0,0
fold_1valid.csv,project494,1,5,0.3333333333333333,0.3333333333333333
fold_1valid.csv,project79,0,5,0,0
fold_1valid.csv,project956,1,5,1.0,1.0
fold_1valid.csv,project159,1,5,0.25,0.25
fold_1valid.csv,project728,0,5,0,0
fold_1valid.csv,project476,0,5,0,0
fold_1valid.csv,project180,0,5,0,0
fold_1valid.csv,project639,0,5,0,0
fold_1valid.csv,project825,0,5,0,0
fold_1valid.csv,project385,1,5,1.0,1.0
fold_1valid.csv,project238,1,5,1.0,1.0
fold_1valid.csv,project173,1,5,1.0,1.0
fold_1valid.csv,project12,0,5,0,0
fold_1valid.csv,project335,0,5,0,0
fold_1valid.csv,project692,1,5,0.5,0.5
fold_1valid.csv,project174,0,5,0,0
fold_1valid.csv,project635,1,5,1.0,1.0
fold_1valid.csv,project619,0,5,0,0
fold_1valid.csv,project252,1,5,0.5,0.5
fold_1valid.csv,project277,0,5,0,0
fold_1valid.csv,project537,0,5,0,0
fold_1valid.csv,project152,1,5,0.3333333333333333,0.3333333333333333
fold_1valid.csv,project394,0,5,0,0
fold_1valid.csv,project121,0,5,0,0
fold_1valid.csv,project142,0,5,0,0
fold_1valid.csv,project109,0,5,0,0
fold_1valid.csv,project351,1,5,1.0,1.0
fold_1valid.csv,project959,0,5,0,0
fold_1valid.csv,project215,1,5,0.25,0.25
fold_1valid.csv,project94,0,5,0,0
fold_1valid.csv,project775,1,5,0.5,0.5
fold_1valid.csv,project969,0,5,0,0
fold_1valid.csv,project209,0,5,0,0
fold_1valid.csv,project362,0,5,0,0
fold_1valid.csv,project76,1,5,1.0,1.0
fold_1valid.csv,project697,0,5,0,0
fold_1valid.csv,project883,1,5,1.0,1.0
fold_1valid.csv,project402,1,5,1.0,1.0
fold_1valid.csv,project235,0,5,0,0
fold_1valid.csv,project990,0,5,0,0
fold_1valid.csv,project24,0,5,0,0
fold_1valid.csv,project698,0,5,0,0
fold_1valid.csv,project290,1,5,1.0,1.0
fold_1valid.csv,project724,0,5,0,0
fold_1valid.csv,project530,0,5,0,0
fold_1valid.csv,project628,0,5,0,0
fold_1valid.csv,project245,0,5,0,0
fold_1valid.csv,project458,0,5,0,0
fold_1valid.csv,project81,0,5,0,0
fold_1valid.csv,project608,0,5,0,0
fold_1valid.csv,project482,0,5,0,0
fold_1valid.csv,project960,0,5,0,0
fold_1valid.csv,project138,0,5,0,0
fold_1valid.csv,project941,0,5,0,0
fold_1valid.csv,project749,1,5,0.3333333333333333,0.3333333333333333
fold_1valid.csv,project73,1,5,1.0,1.0
fold_1valid.csv,project517,1,5,0.5,0.5
fold_1valid.csv,project386,0,5,0,0
fold_1valid.csv,project221,0,5,0,0
fold_1valid.csv,project878,1,5,1.0,1.0
fold_1valid.csv,project251,0,5,0,0
fold_1valid.csv,project48,0,5,0,0
fold_1valid.csv,project256,0,5,0,0
fold_1valid.csv,project704,0,5,0,0
fold_1valid.csv,project777,1,5,1.0,1.0
fold_1valid.csv,project738,0,5,0,0
fold_1valid.csv,project932,0,5,0,0
fold_1valid.csv,project14,0,5,0,0
fold_1valid.csv,project716,1,5,1.0,1.0
fold_2valid.csv,Applicatons/libraries,0,5,0,0
fold_2valid.csv,project691,0,5,0,0
fold_2valid.csv,project305,1,5,1.0,1.0
fold_2valid.csv,project25,1,5,1.0,1.0
fold_2valid.csv,project333,0,5,0,0
fold_2valid.csv,project140,0,5,0,0
fold_2valid.csv,project46,1,5,0.5,0.5
fold_2valid.csv,project626,0,5,0,0
fold_2valid.csv,project839,0,5,0,0
fold_2valid.csv,project77,1,5,1.0,1.0
fold_2valid.csv,project688,1,5,1.0,1.0
fold_2valid.csv,project789,0,5,0,0
fold_2valid.csv,project338,0,5,0,0
fold_2valid.csv,project445,1,5,1.0,1.0
fold_2valid.csv,project953,0,5,0,0
fold_2valid.csv,project29,0,5,0,0
fold_2valid.csv,project652,1,5,1.0,1.0
fold_2valid.csv,project137,0,5,0,0
fold_2valid.csv,project69,0,5,0,0
fold_2valid.csv,project464,0,5,0,0
fold_2valid.csv,project703,0,5,0,0
fold_2valid.csv,project721,0,5,0,0
fold_2valid.csv,project682,0,5,0,0
fold_2valid.csv,project870,0,5,0,0
fold_2valid.csv,project906,0,5,0,0
fold_2valid.csv,project324,1,5,1.0,1.0
fold_2valid.csv,project996,0,5,0,0
fold_2valid.csv,project593,0,5,0,0
fold_2valid.csv,project149,1,5,1.0,1.0
fold_2valid.csv,project131,0,5,0,0
fold_2valid.csv,project365,0,5,0,0
fold_2valid.csv,project644,0,5,0,0
fold_2valid.csv,project885,0,5,0,0
fold_2valid.csv,project756,0,5,0,0
fold_2valid.csv,project344,0,5,0,0
fold_2valid.csv,project429,1,5,1.0,1.0
fold_2valid.csv,project725,0,5,0,0
fold_2valid.csv,project613,0,5,0,0
fold_2valid.csv,project343,0,5,0,0
fold_2valid.csv,project92,0,5,0,0
fold_2valid.csv,project303,0,5,0,0
fold_2valid.csv,project808,1,5,1.0,1.0
fold_2valid.csv,project621,1,5,1.0,1.0
fold_2valid.csv,project364,1,5,1.0,1.0
fold_2valid.csv,project981,0,5,0,0
fold_2valid.csv,project967,0,5,0,0
fold_2valid.csv,project198,1,5,1.0,1.0
fold_2valid.csv,project694,0,5,0,0
fold_2valid.csv,project574,0,5,0,0
fold_2valid.csv,project177,0,5,0,0
fold_2valid.csv,project549,1,5,0.25,0.25
fold_2valid.csv,project130,0,5,0,0
fold_2valid.csv,project143,0,5,0,0
fold_2valid.csv,project242,1,5,0.5,0.5
fold_2valid.csv,project233,0,5,0,0
fold_2valid.csv,project105,1,5,1.0,1.0
fold_2valid.csv,project352,1,5,1.0,1.0
fold_2valid.csv,project144,1,5,0.25,0.25
fold_2valid.csv,project306,0,5,0,0
fold_2valid.csv,project460,1,5,0.5,0.5
fold_2valid.csv,project431,1,5,0.25,0.25
fold_2valid.csv,project922,0,5,0,0
fold_2valid.csv,project796,1,5,1.0,1.0
fold_2valid.csv,project487,1,5,1.0,1.0
fold_2valid.csv,project583,0,5,0,0
fold_2valid.csv,project249,1,5,0.5,0.5
fold_2valid.csv,project768,0,5,0,0
fold_2valid.csv,project424,1,5,1.0,1.0
fold_2valid.csv,project310,0,5,0,0
fold_2valid.csv,project907,0,5,0,0
fold_2valid.csv,project108,0,5,0,0
fold_2valid.csv,project461,1,5,1.0,1.0
fold_2valid.csv,project586,0,5,0,0
fold_2valid.csv,project984,0,5,0,0
fold_2valid.csv,project296,0,5,0,0
fold_2valid.csv,project734,0,5,0,0
fold_2valid.csv,project104,1,5,1.0,1.0
fold_2valid.csv,project678,0,5,0,0
fold_2valid.csv,project744,0,5,0,0
fold_2valid.csv,project509,0,5,0,0
fold_2valid.csv,project150,0,5,0,0
fold_2valid.csv,project437,0,5,0,0
fold_2valid.csv,project746,1,5,1.0,1.0
fold_2valid.csv,project630,0,5,0,0
fold_2valid.csv,project580,1,5,0.3333333333333333,0.3333333333333333
fold_2valid.csv,project636,0,5,0,0
fold_2valid.csv,project648,0,5,0,0
fold_2valid.csv,project700,0,5,0,0
fold_2valid.csv,project819,1,5,0.5,0.5
fold_2valid.csv,project898,1,5,0.5,0.5
fold_2valid.csv,project970,0,5,0,0
fold_2valid.csv,project508,0,5,0,0
fold_2valid.csv,project418,0,5,0,0
fold_2valid.csv,project193,0,5,0,0
fold_2valid.csv,project850,1,5,0.2,0.2
fold_2valid.csv,project396,0,5,0,0
fold_2valid.csv,project651,0,5,0,0
fold_2valid.csv,project664,0,5,0,0
fold_2valid.csv,project610,0,5,0,0
fold_2valid.csv,project884,0,5,0,0
fold_2valid.csv,project997,0,5,0,0
fold_3valid.csv,Applicatons/libraries,0,5,0,0
fold_3valid.csv,project345,0,5,0,0
fold_3valid.csv,project864,0,5,0,0
fold_3valid.csv,project66,0,5,0,0
fold_3valid.csv,project519,0,5,0,0
fold_3valid.csv,project805,0,5,0,0
fold_3valid.csv,project336,1,5,1.0,1.0
fold_3valid.csv,project900,0,5,0,0
fold_3valid.csv,project398,0,5,0,0
fold_3valid.csv,project940,1,5,0.5,0.5
fold_3valid.csv,project163,0,5,0,0
fold_3valid.csv,project422,1,5,0.3333333333333333,0.3333333333333333
fold_3valid.csv,project72,1,5,0.5,0.5
fold_3valid.csv,project416,1,5,0.5,0.5
fold_3valid.csv,project921,0,5,0,0
fold_3valid.csv,project295,1,5,1.0,1.0
fold_3valid.csv,project455,0,5,0,0
fold_3valid.csv,project711,0,5,0,0
fold_3valid.csv,project169,1,5,0.5,0.5
fold_3valid.csv,project379,0,5,0,0
fold_3valid.csv,project340,1,5,1.0,1.0
fold_3valid.csv,project199,1,5,0.5,0.5
fold_3valid.csv,project785,1,5,0.3333333333333333,0.3333333333333333
fold_3valid.csv,project938,0,5,0,0
fold_3valid.csv,project113,1,5,0.3333333333333333,0.3333333333333333
fold_3valid.csv,project217,0,5,0,0
fold_3valid.csv,project743,0,5,0,0
fold_3valid.csv,project39,1,5,0.5,0.5
fold_3valid.csv,project360,0,5,0,0
fold_3valid.csv,project392,1,5,1.0,1.0
fold_3valid.csv,project179,0,5,0,0
fold_3valid.csv,project930,0,5,0,0
fold_3valid.csv,project568,0,5,0,0
fold_3valid.csv,project916,0,5,0,0
fold_3valid.csv,project679,0,5,0,0
fold_3valid.csv,project75,0,5,0,0
fold_3valid.csv,project557,0,5,0,0
fold_3valid.csv,project532,0,5,0,0
fold_3valid.csv,project647,0,5,0,0
fold_3valid.csv,project944,1,5,1.0,1.0
fold_3valid.csv,project963,0,5,0,0
fold_3valid.csv,project262,1,5,0.3333333333333333,0.3333333333333333
fold_3valid.csv,project210,0,5,0,0
fold_3valid.csv,project868,0,5,0,0
fold_3valid.csv,project261,0,5,0,0
fold_3valid.csv,project400,0,5,0,0
fold_3valid.csv,project920,0,5,0,0
fold_3valid.csv,project947,0,5,0,0
fold_3valid.csv,project591,0,5,0,0
fold_3valid.csv,project524,1,5,1.0,1.0
fold_3valid.csv,project895,0,5,0,0
fold_3valid.csv,project269,1,5,1.0,1.0
fold_3valid.csv,project858,0,5,0,0
fold_3valid.csv,project723,0,5,0,0
fold_3valid.csv,project641,0,5,0,0
fold_3valid.csv,project358,0,5,0,0
fold_3valid.csv,project726,0,5,0,0
fold_3valid.csv,project670,0,5,0,0
fold_3valid.csv,project281,1,5,0.3333333333333333,0.3333333333333333
fold_3valid.csv,project553,1,5,0.3333333333333333,0.3333333333333333
fold_3valid.csv,project567,0,5,0,0
fold_3valid.csv,project637,0,5,0,0
fold_3valid.csv,project843,0,5,0,0
fold_3valid.csv,project536,0,5,0,0
fold_3valid.csv,project987,1,5,1.0,1.0
fold_3valid.csv,project477,1,5,0.3333333333333333,0.3333333333333333
fold_3valid.csv,project589,0,5,0,0
fold_3valid.csv,project45,0,5,0,0
fold_3valid.csv,project786,0,5,0,0
fold_3valid.csv,project292,1,5,0.3333333333333333,0.3333333333333333
fold_3valid.csv,project686,0,5,0,0
fold_3valid.csv,project403,1,5,1.0,1.0
fold_3valid.csv,project391,1,5,1.0,1.0
fold_3valid.csv,project328,0,5,0,0
fold_3valid.csv,project971,1,5,0.5,0.5
fold_3valid.csv,project558,1,5,0.5,0.5
fold_3valid.csv,project375,1,5,0.3333333333333333,0.3333333333333333
fold_3valid.csv,project26,0,5,0,0
fold_3valid.csv,project374,0,5,0,0
fold_3valid.csv,project890,1,5,0.5,0.5
fold_3valid.csv,project822,0,5,0,0
fold_3valid.csv,project124,0,5,0,0
fold_3valid.csv,project859,0,5,0,0
fold_3valid.csv,project160,0,5,0,0
fold_3valid.csv,project929,1,5,1.0,1.0
fold_3valid.csv,project642,0,5,0,0
fold_3valid.csv,project226,0,5,0,0
fold_3valid.csv,project21,0,5,0,0
fold_3valid.csv,project475,1,5,1.0,1.0
fold_3valid.csv,project342,1,5,0.5,0.5
fold_3valid.csv,project384,0,5,0,0
fold_3valid.csv,project629,1,5,1.0,1.0
fold_3valid.csv,project764,0,5,0,0
fold_3valid.csv,project125,0,5,0,0
fold_3valid.csv,project499,0,5,0,0
fold_3valid.csv,project223,1,5,0.3333333333333333,0.3333333333333333
fold_3valid.csv,project266,1,5,0.3333333333333333,0.3333333333333333
fold_3valid.csv,project102,1,5,1.0,1.0
fold_3valid.csv,project493,0,5,0,0
fold_3valid.csv,project185,1,5,1.0,1.0
fold_3valid.csv,project191,0,5,0,0
fold_4valid.csv,Applicatons/libraries,0,5,0,0
fold_4valid.csv,project443,0,5,0,0
fold_4valid.csv,project554,0,5,0,0
fold_4valid.csv,project866,0,5,0,0
fold_4valid.csv,project634,0,5,0,0
fold_4valid.csv,project520,0,5,0,0
fold_4valid.csv,project188,0,5,0,0
fold_4valid.csv,project564,1,5,1.0,1.0
fold_4valid.csv,project346,0,5,0,0
fold_4valid.csv,project489,1,5,1.0,1.0
fold_4valid.csv,project111,0,5,0,0
fold_4valid.csv,project881,0,5,0,0
fold_4valid.csv,project67,1,5,1.0,1.0
fold_4valid.csv,project357,0,5,0,0
fold_4valid.csv,project231,0,5,0,0
fold_4valid.csv,project444,0,5,0,0
fold_4valid.csv,project483,1,5,1.0,1.0
fold_4valid.csv,project274,1,5,1.0,1.0
fold_4valid.csv,project739,1,5,1.0,1.0
fold_4valid.csv,project187,0,5,0,0
fold_4valid.csv,project381,1,5,1.0,1.0
fold_4valid.csv,project68,1,5,1.0,1.0
fold_4valid.csv,project19,1,5,0.5,0.5
fold_4valid.csv,project285,0,5,0,0
fold_4valid.csv,project419,1,5,1.0,1.0
fold_4valid.csv,project958,0,5,0,0
fold_4valid.csv,project52,1,5,0.5,0.5
fold_4valid.csv,project875,0,5,0,0
fold_4valid.csv,project615,0,5,0,0
fold_4valid.csv,project211,1,5,1.0,1.0
fold_4valid.csv,project992,0,5,0,0
fold_4valid.csv,project120,0,5,0,0
fold_4valid.csv,project203,0,5,0,0
fold_4valid.csv,project745,0,5,0,0
fold_4valid.csv,project624,0,5,0,0
fold_4valid.csv,project473,1,5,1.0,1.0
fold_4valid.csv,project640,0,5,0,0
fold_4valid.csv,project34,0,5,0,0
fold_4valid.csv,project924,1,5,0.3333333333333333,0.3333333333333333
fold_4valid.csv,project194,0,5,0,0
fold_4valid.csv,project450,1,5,1.0,1.0
fold_4valid.csv,project571,0,5,0,0
fold_4valid.csv,project320,0,5,0,0
fold_4valid.csv,project633,1,5,1.0,1.0
fold_4valid.csv,project862,0,5,0,0
fold_4valid.csv,project671,1,5,1.0,1.0
fold_4valid.csv,project284,0,5,0,0
fold_4valid.csv,project146,0,5,0,0
fold_4valid.csv,project690,0,5,0,0
fold_4valid.csv,project127,1,5,0.5,0.5
fold_4valid.csv,project614,0,5,0,0
fold_4valid.csv,project660,0,5,0,0
fold_4valid.csv,project735,0,5,0,0
fold_4valid.csv,project535,0,5,0,0
fold_4valid.csv,project136,0,5,0,0
fold_4valid.csv,project760,0,5,0,0
fold_4valid.csv,project283,0,5,0,0
fold_4valid.csv,project367,1,5,0.3333333333333333,0.3333333333333333
fold_4valid.csv,project16,0,5,0,0
fold_4valid.csv,project569,0,5,0,0
fold_4valid.csv,project97,0,5,0,0
fold_4valid.csv,project383,1,5,0.3333333333333333,0.3333333333333333
fold_4valid.csv,project86,0,5,0,0
fold_4valid.csv,project479,1,5,1.0,1.0
fold_4valid.csv,project816,0,5,0,0
fold_4valid.csv,project742,1,5,1.0,1.0
fold_4valid.csv,project882,0,5,0,0
fold_4valid.csv,project212,0,5,0,0
fold_4valid.csv,project314,0,5,0,0
fold_4valid.csv,project514,0,5,0,0
fold_4valid.csv,project988,0,5,0,0
fold_4valid.csv,project677,0,5,0,0
fold_4valid.csv,project80,0,5,0,0
fold_4valid.csv,project693,0,5,0,0
fold_4valid.csv,project638,0,5,0,0
fold_4valid.csv,project166,0,5,0,0
fold_4valid.csv,project672,0,5,0,0
fold_4valid.csv,project366,0,5,0,0
fold_4valid.csv,project175,1,5,0.5,0.5
fold_4valid.csv,project790,0,5,0,0
fold_4valid.csv,project943,0,5,0,0
fold_4valid.csv,project504,0,5,0,0
fold_4valid.csv,project370,0,5,0,0
fold_4valid.csv,project522,0,5,0,0
fold_4valid.csv,project533,1,5,0.5,0.5
fold_4valid.csv,project438,1,5,1.0,1.0
fold_4valid.csv,project901,0,5,0,0
fold_4valid.csv,project61,1,5,0.3333333333333333,0.3333333333333333
fold_4valid.csv,project347,0,5,0,0
fold_4valid.csv,project575,0,5,0,0
fold_4valid.csv,project271,1,5,1.0,1.0
fold_4valid.csv,project399,1,5,0.5,0.5
fold_4valid.csv,project887,0,5,0,0
fold_4valid.csv,project740,0,5,0,0
fold_4valid.csv,project559,0,5,0,0
fold_4valid.csv,project888,0,5,0,0
fold_4valid.csv,project597,0,5,0,0
fold_4valid.csv,project469,1,5,1.0,1.0
fold_4valid.csv,project272,0,5,0,0
fold_4valid.csv,project317,1,5,0.3333333333333333,0.3333333333333333
fold_4valid.csv,project222,1,5,1.0,1.0
fold_5valid.csv,Applicatons/libraries,0,5,0,0
fold_5valid.csv,project276,1,5,1.0,1.0
fold_5valid.csv,project821,0,5,0,0
fold_5valid.csv,project106,1,5,0.5,0.5
fold_5valid.csv,project889,0,5,0,0
fold_5valid.csv,project668,0,5,0,0
fold_5valid.csv,project356,0,5,0,0
fold_5valid.csv,project13,0,5,0,0
fold_5valid.csv,project570,0,5,0,0
fold_5valid.csv,project838,0,5,0,0
fold_5valid.csv,project118,0,5,0,0
fold_5valid.csv,project331,1,5,1.0,1.0
fold_5valid.csv,project318,0,5,0,0
fold_5valid.csv,project702,0,5,0,0
fold_5valid.csv,project911,0,5,0,0
fold_5valid.csv,project986,0,5,0,0
fold_5valid.csv,project498,0,5,0,0
fold_5valid.csv,project939,0,5,0,0
fold_5valid.csv,project89,1,5,0.3333333333333333,0.3333333333333333
fold_5valid.csv,project523,0,5,0,0
fold_5valid.csv,project387,1,5,1.0,1.0
fold_5valid.csv,project368,0,5,0,0
fold_5valid.csv,project863,1,5,1.0,1.0
fold_5valid.csv,project779,0,5,0,0
fold_5valid.csv,project848,0,5,0,0
fold_5valid.csv,project873,0,5,0,0
fold_5valid.csv,project51,0,5,0,0
fold_5valid.csv,project151,0,5,0,0
fold_5valid.csv,project747,0,5,0,0
fold_5valid.csv,project758,0,5,0,0
fold_5valid.csv,project4,0,5,0,0
fold_5valid.csv,project830,0,5,0,0
fold_5valid.csv,project178,0,5,0,0
fold_5valid.csv,project606,0,5,0,0
fold_5valid.csv,project270,0,5,0,0
fold_5valid.csv,project22,0,5,0,0
fold_5valid.csv,project801,1,5,0.5,0.5
fold_5valid.csv,project117,1,5,1.0,1.0
fold_5valid.csv,project707,0,5,0,0
fold_5valid.csv,project627,0,5,0,0
fold_5valid.csv,project820,0,5,0,0
fold_5valid.csv,project950,0,5,0,0
fold_5valid.csv,project71,1,5,1.0,1.0
fold_5valid.csv,project505,0,5,0,0
fold_5valid.csv,project831,0,5,0,0
fold_5valid.csv,project189,0,5,0,0
fold_5valid.csv,project405,0,5,0,0
fold_5valid.csv,project349,0,5,0,0
fold_5valid.csv,project348,1,5,0.3333333333333333,0.3333333333333333
fold_5valid.csv,project657,1,5,1.0,1.0
fold_5valid.csv,project485,0,5,0,0
fold_5valid.csv,project122,0,5,0,0
fold_5valid.csv,project216,1,5,0.5,0.5
fold_5valid.csv,project675,0,5,0,0
fold_5valid.csv,project595,0,5,0,0
fold_5valid.csv,project410,0,5,0,0
fold_5valid.csv,project867,0,5,0,0
fold_5valid.csv,project207,0,5,0,0
fold_5valid.csv,project978,0,5,0,0
fold_5valid.csv,project828,0,5,0,0
fold_5valid.csv,project60,1,5,0.5,0.5
fold_5valid.csv,project722,0,5,0,0
fold_5valid.csv,project114,0,5,0,0
fold_5valid.csv,project982,0,5,0,0
fold_5valid.csv,project973,0,5,0,0
fold_5valid.csv,project240,0,5,0,0
fold_5valid.csv,project315,0,5,0,0
fold_5valid.csv,project787,0,5,0,0
fold_5valid.csv,project468,1,5,1.0,1.0
fold_5valid.csv,project515,0,5,0,0
fold_5valid.csv,project412,1,5,1.0,1.0
fold_5valid.csv,project148,1,5,1.0,1.0
fold_5valid.csv,project733,0,5,0,0
fold_5valid.csv,project689,0,5,0,0
fold_5valid.csv,project183,0,5,0,0
fold_5valid.csv,project327,0,5,0,0
fold_5valid.csv,project8,0,5,0,0
fold_5valid.csv,project994,0,5,0,0
fold_5valid.csv,project401,1,5,1.0,1.0
fold_5valid.csv,project542,0,5,0,0
fold_5valid.csv,project802,0,5,0,0
fold_5valid.csv,project715,0,5,0,0
fold_5valid.csv,project128,0,5,0,0
fold_5valid.csv,project560,0,5,0,0
fold_5valid.csv,project852,0,5,0,0
fold_5valid.csv,project783,0,5,0,0
fold_5valid.csv,project913,0,5,0,0
fold_5valid.csv,project162,0,5,0,0
fold_5valid.csv,project11,0,5,0,0
fold_5valid.csv,project200,0,5,0,0
fold_5valid.csv,project123,0,5,0,0
fold_5valid.csv,project442,0,5,0,0
fold_5valid.csv,project474,0,5,0,0
fold_5valid.csv,project951,0,5,0,0
fold_5valid.csv,project294,0,5,0,0
fold_5valid.csv,project395,0,5,0,0
fold_5valid.csv,project459,1,5,0.3333333333333333,0.3333333333333333
fold_5valid.csv,project50,0,5,0,0
fold_5valid.csv,project497,0,5,0,0
fold_5valid.csv,project420,0,5,0,0
fold_5valid.csv,project718,0,5,0,0
fold_6valid.csv,Applicatons/libraries,0,5,0,0
fold_6valid.csv,project880,0,5,0,0
fold_6valid.csv,project587,1,5,0.3333333333333333,0.3333333333333333
fold_6valid.csv,project112,1,5,1.0,1.0
fold_6valid.csv,project731,1,5,1.0,1.0
fold_6valid.csv,project955,0,5,0,0
fold_6valid.csv,project625,1,5,0.5,0.5
fold_6valid.csv,project99,1,5,1.0,1.0
fold_6valid.csv,project841,0,5,0,0
fold_6valid.csv,project972,0,5,0,0
fold_6valid.csv,project205,1,5,0.25,0.25
fold_6valid.csv,project817,0,5,0,0
fold_6valid.csv,project101,0,5,0,0
fold_6valid.csv,project417,1,5,1.0,1.0
fold_6valid.csv,project229,1,5,0.5,0.5
fold_6valid.csv,project897,0,5,0,0
fold_6valid.csv,project773,0,5,0,0
fold_6valid.csv,project829,0,5,0,0
fold_6valid.csv,project510,0,5,0,0
fold_6valid.csv,project157,0,5,0,0
fold_6valid.csv,project656,0,5,0,0
fold_6valid.csv,project912,0,5,0,0
fold_6valid.csv,project299,1,5,1.0,1.0
fold_6valid.csv,project119,0,5,0,0
fold_6valid.csv,project806,0,5,0,0
fold_6valid.csv,project330,1,5,0.5,0.5
fold_6valid.csv,project599,0,5,0,0
fold_6valid.csv,project974,0,5,0,0
fold_6valid.csv,project64,0,5,0,0
fold_6valid.csv,project230,0,5,0,0
fold_6valid.csv,project325,0,5,0,0
fold_6valid.csv,project2,0,5,0,0
fold_6valid.csv,project879,0,5,0,0
fold_6valid.csv,project227,0,5,0,0
fold_6valid.csv,project807,1,5,0.5,0.5
fold_6valid.csv,project965,0,5,0,0
fold_6valid.csv,project225,0,5,0,0
fold_6valid.csv,project871,0,5,0,0
fold_6valid.csv,project794,0,5,0,0
fold_6valid.csv,project531,0,5,0,0
fold_6valid.csv,project309,0,5,0,0
fold_6valid.csv,project717,0,5,0,0
fold_6valid.csv,project58,1,5,1.0,1.0
fold_6valid.csv,project719,0,5,0,0
fold_6valid.csv,project699,1,5,0.5,0.5
fold_6valid.csv,project88,0,5,0,0
fold_6valid.csv,project243,0,5,0,0
fold_6valid.csv,project495,0,5,0,0
fold_6valid.csv,project964,0,5,0,0
fold_6valid.csv,project307,1,5,0.3333333333333333,0.3333333333333333
fold_6valid.csv,project856,1,5,0.3333333333333333,0.3333333333333333
fold_6valid.csv,project172,1,5,1.0,1.0
fold_6valid.csv,project241,0,5,0,0
fold_6valid.csv,project581,0,5,0,0
fold_6valid.csv,project832,0,5,0,0
fold_6valid.csv,project800,0,5,0,0
fold_6valid.csv,project91,0,5,0,0
fold_6valid.csv,project623,0,5,0,0
fold_6valid.csv,project161,1,5,1.0,1.0
fold_6valid.csv,project59,0,5,0,0
fold_6valid.csv,project440,1,5,0.5,0.5
fold_6valid.csv,project337,0,5,0,0
fold_6valid.csv,project326,0,5,0,0
fold_6valid.csv,project447,0,5,0,0
fold_6valid.csv,project861,0,5,0,0
fold_6valid.csv,project449,1,5,1.0,1.0
fold_6valid.csv,project709,0,5,0,0
fold_6valid.csv,project279,0,5,0,0
fold_6valid.csv,project393,1,5,1.0,1.0
fold_6valid.csv,project263,0,5,0,0
fold_6valid.csv,project706,0,5,0,0
fold_6valid.csv,project946,0,5,0,0
fold_6valid.csv,project655,0,5,0,0
fold_6valid.csv,project265,0,5,0,0
fold_6valid.csv,project556,0,5,0,0
fold_6valid.csv,project995,0,5,0,0
fold_6valid.csv,project751,0,5,0,0
fold_6valid.csv,project846,0,5,0,0
fold_6valid.csv,project321,1,5,1.0,1.0
fold_6valid.csv,project934,0,5,0,0
fold_6valid.csv,project354,0,5,0,0
fold_6valid.csv,project414,1,5,0.5,0.5
fold_6valid.csv,project653,0,5,0,0
fold_6valid.csv,project919,0,5,0,0
fold_6valid.csv,project538,0,5,0,0
fold_6valid.csv,project899,0,5,0,0
fold_6valid.csv,project470,1,5,0.5,0.5
fold_6valid.csv,project799,0,5,0,0
fold_6valid.csv,project257,0,5,0,0
fold_6valid.csv,project902,1,5,1.0,1.0
fold_6valid.csv,project776,0,5,0,0
fold_6valid.csv,project65,0,5,0,0
fold_6valid.csv,project300,1,5,1.0,1.0
fold_6valid.csv,project925,0,5,0,0
fold_6valid.csv,project260,1,5,0.5,0.5
fold_6valid.csv,project134,0,5,0,0
fold_6valid.csv,project550,0,5,0,0
fold_6valid.csv,project857,0,5,0,0
fold_6valid.csv,project931,1,5,0.3333333333333333,0.3333333333333333
fold_6valid.csv,project933,0,5,0,0
fold_6valid.csv,project609,0,5,0,0
fold_7valid.csv,Applicatons/libraries,0,5,0,0
fold_7valid.csv,project423,0,5,0,0
fold_7valid.csv,project291,0,5,0,0
fold_7valid.csv,project244,0,5,0,0
fold_7valid.csv,project877,0,5,0,0
fold_7valid.csv,project855,0,5,0,0
fold_7valid.csv,project993,0,5,0,0
fold_7valid.csv,project481,0,5,0,0
fold_7valid.csv,project154,0,5,0,0
fold_7valid.csv,project6,1,5,0.5,0.5
fold_7valid.csv,project565,0,5,0,0
fold_7valid.csv,project74,0,5,0,0
fold_7valid.csv,project983,0,5,0,0
fold_7valid.csv,project854,0,5,0,0
fold_7valid.csv,project218,0,5,0,0
fold_7valid.csv,project107,1,5,0.3333333333333333,0.3333333333333333
fold_7valid.csv,project176,0,5,0,0
fold_7valid.csv,project478,1,5,1.0,1.0
fold_7valid.csv,project467,1,5,0.5,0.5
fold_7valid.csv,project407,0,5,0,0
fold_7valid.csv,project611,0,5,0,0
fold_7valid.csv,project96,0,5,0,0
fold_7valid.csv,project695,0,5,0,0
fold_7valid.csv,project492,0,5,0,0
fold_7valid.csv,project945,0,5,0,0
fold_7valid.csv,project208,0,5,0,0
fold_7valid.csv,project778,0,5,0,0
fold_7valid.csv,project40,0,5,0,0
fold_7valid.csv,project659,0,5,0,0
fold_7valid.csv,project258,0,5,0,0
fold_7valid.csv,project632,0,5,0,0
fold_7valid.csv,project439,1,5,0.3333333333333333,0.3333333333333333
fold_7valid.csv,project359,0,5,0,0
fold_7valid.csv,project720,0,5,0,0
fold_7valid.csv,project322,1,5,0.3333333333333333,0.3333333333333333
fold_7valid.csv,project408,1,5,1.0,1.0
fold_7valid.csv,project293,0,5,0,0
fold_7valid.csv,project234,1,5,0.5,0.5
fold_7valid.csv,project757,0,5,0,0
fold_7valid.csv,project126,0,5,0,0
fold_7valid.csv,project220,0,5,0,0
fold_7valid.csv,project373,1,5,0.25,0.25
fold_7valid.csv,project181,0,5,0,0
fold_7valid.csv,project663,0,5,0,0
fold_7valid.csv,project594,0,5,0,0
fold_7valid.csv,project332,1,5,0.5,0.5
fold_7valid.csv,project490,1,5,0.25,0.25
fold_7valid.csv,project168,0,5,0,0
fold_7valid.csv,project766,0,5,0,0
fold_7valid.csv,project433,1,5,1.0,1.0
fold_7valid.csv,project341,1,5,0.3333333333333333,0.3333333333333333
fold_7valid.csv,project814,0,5,0,0
fold_7valid.csv,project710,0,5,0,0
fold_7valid.csv,project84,1,5,0.25,0.25
fold_7valid.csv,project915,0,5,0,0
fold_7valid.csv,project139,0,5,0,0
fold_7valid.csv,project311,0,5,0,0
fold_7valid.csv,project791,0,5,0,0
fold_7valid.csv,project421,1,5,1.0,1.0
fold_7valid.csv,project41,0,5,0,0
fold_7valid.csv,project811,0,5,0,0
fold_7valid.csv,project685,0,5,0,0
fold_7valid.csv,project308,0,5,0,0
fold_7valid.csv,project612,0,5,0,0
fold_7valid.csv,project448,0,5,0,0
fold_7valid.csv,project962,1,5,1.0,1.0
fold_7valid.csv,project369,0,5,0,0
fold_7valid.csv,project350,1,5,0.25,0.25
fold_7valid.csv,project53,1,5,0.5,0.5
fold_7valid.csv,project3,0,5,0,0
fold_7valid.csv,project917,0,5,0,0
fold_7valid.csv,project793,0,5,0,0
fold_7valid.csv,project985,0,5,0,0
fold_7valid.csv,project451,1,5,1.0,1.0
fold_7valid.csv,project827,0,5,0,0
fold_7valid.csv,project525,0,5,0,0
fold_7valid.csv,project792,0,5,0,0
fold_7valid.csv,project903,0,5,0,0
fold_7valid.csv,project578,0,5,0,0
fold_7valid.csv,project507,0,5,0,0
fold_7valid.csv,project457,1,5,0.5,0.5
fold_7valid.csv,project705,1,5,1.0,1.0
fold_7valid.csv,project1,1,5,0.3333333333333333,0.3333333333333333
fold_7valid.csv,project998,0,5,0,0
fold_7valid.csv,project382,0,5,0,0
fold_7valid.csv,project572,0,5,0,0
fold_7valid.csv,project361,0,5,0,0
fold_7valid.csv,project298,0,5,0,0
fold_7valid.csv,project977,0,5,0,0
fold_7valid.csv,project158,0,5,0,0
fold_7valid.csv,project506,0,5,0,0
fold_7valid.csv,project376,1,5,0.3333333333333333,0.3333333333333333
fold_7valid.csv,project905,0,5,0,0
fold_7valid.csv,project378,0,5,0,0
fold_7valid.csv,project767,0,5,0,0
fold_7valid.csv,project968,0,5,0,0
fold_7valid.csv,project236,0,5,0,0
fold_7valid.csv,project654,0,5,0,0
fold_7valid.csv,project434,1,5,0.5,0.5
fold_7valid.csv,project316,1,5,0.3333333333333333,0.3333333333333333
fold_7valid.csv,project590,0,5,0,0
fold_8valid.csv,Applicatons/libraries,0,5,0,0
fold_8valid.csv,project797,0,5,0,0
fold_8valid.csv,project836,1,5,1.0,1.0
fold_8valid.csv,project658,1,5,1.0,1.0
fold_8valid.csv,project835,0,5,0,0
fold_8valid.csv,project910,0,5,0,0
fold_8valid.csv,project551,0,5,0,0
fold_8valid.csv,project488,1,5,1.0,1.0
fold_8valid.csv,project661,0,5,0,0
fold_8valid.csv,project93,0,5,0,0
fold_8valid.csv,project771,0,5,0,0
fold_8valid.csv,project582,0,5,0,0
fold_8valid.csv,project153,0,5,0,0
fold_8valid.csv,project268,0,5,0,0
fold_8valid.csv,project192,1,5,0.5,0.5
fold_8valid.csv,project602,0,5,0,0
fold_8valid.csv,project869,0,5,0,0
fold_8valid.csv,project219,0,5,0,0
fold_8valid.csv,project876,0,5,0,0
fold_8valid.csv,project667,0,5,0,0
fold_8valid.csv,project323,1,5,0.3333333333333333,0.3333333333333333
fold_8valid.csv,project313,0,5,0,0
fold_8valid.csv,project975,0,5,0,0
fold_8valid.csv,project49,1,5,1.0,1.0
fold_8valid.csv,project886,0,5,0,0
fold_8valid.csv,project784,0,5,0,0
fold_8valid.csv,project155,1,5,0.5,0.5
fold_8valid.csv,project70,0,5,0,0
fold_8valid.csv,project329,0,5,0,0
fold_8valid.csv,project954,0,5,0,0
fold_8valid.csv,project543,0,5,0,0
fold_8valid.csv,project388,0,5,0,0
fold_8valid.csv,project730,0,5,0,0
fold_8valid.csv,project798,0,5,0,0
fold_8valid.csv,project428,0,5,0,0
fold_8valid.csv,project918,0,5,0,0
fold_8valid.csv,project562,0,5,0,0
fold_8valid.csv,project232,0,5,0,0
fold_8valid.csv,project769,0,5,0,0
fold_8valid.csv,project622,0,5,0,0
fold_8valid.csv,project110,0,5,0,0
fold_8valid.csv,project496,1,5,0.5,0.5
fold_8valid.csv,project687,1,5,1.0,1.0
fold_8valid.csv,project297,0,5,0,0
fold_8valid.csv,project598,0,5,0,0
fold_8valid.csv,project182,0,5,0,0
fold_8valid.csv,project63,1,5,1.0,1.0
fold_8valid.csv,project363,1,5,1.0,1.0
fold_8valid.csv,project62,0,5,0,0
fold_8valid.csv,project896,0,5,0,0
fold_8valid.csv,project132,0,5,0,0
fold_8valid.csv,project145,1,5,0.25,0.25
fold_8valid.csv,project849,0,5,0,0
fold_8valid.csv,project9,1,5,1.0,1.0
fold_8valid.csv,project845,0,5,0,0
fold_8valid.csv,project541,0,5,0,0
fold_8valid.csv,project547,0,5,0,0
fold_8valid.csv,project201,0,5,0,0
fold_8valid.csv,project264,0,5,0,0
fold_8valid.csv,project840,0,5,0,0
fold_8valid.csv,project842,0,5,0,0
fold_8valid.csv,project823,0,5,0,0
fold_8valid.csv,project976,1,5,1.0,1.0
fold_8valid.csv,project555,1,5,1.0,1.0
fold_8valid.csv,project463,0,5,0,0
fold_8valid.csv,project224,0,5,0,0
fold_8valid.csv,project472,0,5,0,0
fold_8valid.csv,project892,1,5,1.0,1.0
fold_8valid.csv,project529,0,5,0,0
fold_8valid.csv,project631,0,5,0,0
fold_8valid.csv,project20,0,5,0,0
fold_8valid.csv,project54,1,5,0.25,0.25
fold_8valid.csv,project527,0,5,0,0
fold_8valid.csv,project989,0,5,0,0
fold_8valid.csv,project206,0,5,0,0
fold_8valid.csv,project714,0,5,0,0
fold_8valid.csv,project87,1,5,1.0,1.0
fold_8valid.csv,project645,0,5,0,0
fold_8valid.csv,project466,0,5,0,0
fold_8valid.csv,project540,0,5,0,0
fold_8valid.csv,project643,0,5,0,0
fold_8valid.csv,project456,0,5,0,0
fold_8valid.csv,project453,1,5,1.0,1.0
fold_8valid.csv,project28,1,5,1.0,1.0
fold_8valid.csv,project803,1,5,0.5,0.5
fold_8valid.csv,project818,0,5,0,0
fold_8valid.csv,project85,0,5,0,0
fold_8valid.csv,project683,1,5,1.0,1.0
fold_8valid.csv,project204,0,5,0,0
fold_8valid.csv,project513,0,5,0,0
fold_8valid.csv,project696,0,5,0,0
fold_8valid.csv,project43,1,5,0.3333333333333333,0.3333333333333333
fold_8valid.csv,project732,0,5,0,0
fold_8valid.csv,project616,0,5,0,0
fold_8valid.csv,project588,0,5,0,0
fold_8valid.csv,project486,1,5,0.25,0.25
fold_8valid.csv,project552,0,5,0,0
fold_8valid.csv,project35,0,5,0,0
fold_8valid.csv,project165,0,5,0,0
fold_8valid.csv,project250,0,5,0,0
fold_8valid.csv,project813,0,5,0,0
fold_9valid.csv,Applicatons/libraries,0,5,0,0
fold_9valid.csv,project190,1,5,1.0,1.0
fold_9valid.csv,project753,0,5,0,0
fold_9valid.csv,project312,0,5,0,0
fold_9valid.csv,project894,0,5,0,0
fold_9valid.csv,project681,0,5,0,0
fold_9valid.csv,project646,0,5,0,0
fold_9valid.csv,project712,0,5,0,0
fold_9valid.csv,project82,1,5,1.0,1.0
fold_9valid.csv,project752,0,5,0,0
fold_9valid.csv,project544,0,5,0,0
fold_9valid.csv,project812,0,5,0,0
fold_9valid.csv,project18,1,5,0.5,0.5
fold_9valid.csv,project413,1,5,1.0,1.0
fold_9valid.csv,project511,1,5,0.5,0.5
fold_9valid.csv,project865,0,5,0,0
fold_9valid.csv,project566,0,5,0,0
fold_9valid.csv,project17,0,5,0,0
fold_9valid.csv,project810,0,5,0,0
fold_9valid.csv,project620,0,5,0,0
fold_9valid.csv,project980,0,5,0,0
fold_9valid.csv,project729,0,5,0,0
fold_9valid.csv,project561,0,5,0,0
fold_9valid.csv,project372,0,5,0,0
fold_9valid.csv,project755,1,5,0.5,0.5
fold_9valid.csv,project135,0,5,0,0
fold_9valid.csv,project957,0,5,0,0
fold_9valid.csv,project1000,0,5,0,0
fold_9valid.csv,project516,0,5,0,0
fold_9valid.csv,project484,1,5,1.0,1.0
fold_9valid.csv,project605,0,5,0,0
fold_9valid.csv,project491,1,5,1.0,1.0
fold_9valid.csv,project618,0,5,0,0
fold_9valid.csv,project184,0,5,0,0
fold_9valid.csv,project780,0,5,0,0
fold_9valid.csv,project952,1,5,1.0,1.0
fold_9valid.csv,project156,0,5,0,0
fold_9valid.csv,project927,1,5,1.0,1.0
fold_9valid.csv,project304,1,5,0.3333333333333333,0.3333333333333333
fold_9valid.csv,project38,0,5,0,0
fold_9valid.csv,project548,0,5,0,0
fold_9valid.csv,project254,1,5,0.5,0.5
fold_9valid.csv,project737,0,5,0,0
fold_9valid.csv,project592,0,5,0,0
fold_9valid.csv,project275,0,5,0,0
fold_9valid.csv,project763,0,5,0,0
fold_9valid.csv,project32,1,5,0.5,0.5
fold_9valid.csv,project446,1,5,1.0,1.0
fold_9valid.csv,project833,0,5,0,0
fold_9valid.csv,project914,0,5,0,0
fold_9valid.csv,project280,0,5,0,0
fold_9valid.csv,project853,0,5,0,0
fold_9valid.csv,project95,1,5,1.0,1.0
fold_9valid.csv,project666,0,5,0,0
fold_9valid.csv,project727,0,5,0,0
fold_9valid.csv,project319,0,5,0,0
fold_9valid.csv,project415,0,5,0,0
fold_9valid.csv,project782,0,5,0,0
fold_9valid.csv,project247,1,5,0.3333333333333333,0.3333333333333333
fold_9valid.csv,project872,0,5,0,0
fold_9valid.csv,project772,0,5,0,0
fold_9valid.csv,project999,0,5,0,0
fold_9valid.csv,project824,0,5,0,0
fold_9valid.csv,project750,0,5,0,0
fold_9valid.csv,project273,0,5,0,0
fold_9valid.csv,project83,1,5,0.3333333333333333,0.3333333333333333
fold_9valid.csv,project770,0,5,0,0
fold_9valid.csv,project834,0,5,0,0
fold_9valid.csv,project762,0,5,0,0
fold_9valid.csv,project129,0,5,0,0
fold_9valid.csv,project288,0,5,0,0
fold_9valid.csv,project167,0,5,0,0
fold_9valid.csv,project202,1,5,1.0,1.0
fold_9valid.csv,project809,0,5,0,0
fold_9valid.csv,project213,1,5,0.3333333333333333,0.3333333333333333
fold_9valid.csv,project55,1,5,1.0,1.0
fold_9valid.csv,project680,0,5,0,0
fold_9valid.csv,project607,0,5,0,0
fold_9valid.csv,project573,0,5,0,0
fold_9valid.csv,project844,0,5,0,0
fold_9valid.csv,project617,1,5,1.0,1.0
fold_9valid.csv,project409,1,5,1.0,1.0
fold_9valid.csv,project563,0,5,0,0
fold_9valid.csv,project874,0,5,0,0
fold_9valid.csv,project164,0,5,0,0
fold_9valid.csv,project57,0,5,0,0
fold_9valid.csv,project909,0,5,0,0
fold_9valid.csv,project427,1,5,0.5,0.5
fold_9valid.csv,project708,0,5,0,0
fold_9valid.csv,project214,0,5,0,0
fold_9valid.csv,project30,1,5,0.5,0.5
fold_9valid.csv,project600,0,5,0,0
fold_9valid.csv,project904,0,5,0,0
fold_9valid.csv,project411,0,5,0,0
fold_9valid.csv,project935,0,5,0,0
fold_9valid.csv,project539,0,5,0,0
fold_9valid.csv,project669,0,5,0,0
fold_9valid.csv,project353,0,5,0,0
fold_9valid.csv,project465,1,5,1.0,1.0
fold_9valid.csv,project650,0,5,0,0
fold_9valid.csv,project397,0,5,0,0
fold_10valid.csv,Applicatons/libraries,0,5,0,0
fold_10valid.csv,project684,0,5,0,0
fold_10valid.csv,project847,0,5,0,0
fold_10valid.csv,project371,0,5,0,0
fold_10valid.csv,project908,0,5,0,0
fold_10valid.csv,project267,0,5,0,0
fold_10valid.csv,project171,1,5,0.3333333333333333,0.3333333333333333
fold_10valid.csv,project942,0,5,0,0
fold_10valid.csv,project576,0,5,0,0
fold_10valid.csv,project170,1,5,1.0,1.0
fold_10valid.csv,project248,0,5,0,0
fold_10valid.csv,project860,0,5,0,0
fold_10valid.csv,project302,1,5,1.0,1.0
fold_10valid.csv,project435,1,5,1.0,1.0
fold_10valid.csv,project239,0,5,0,0
fold_10valid.csv,project100,0,5,0,0
fold_10valid.csv,project979,0,5,0,0
fold_10valid.csv,project966,0,5,0,0
fold_10valid.csv,project426,0,5,0.14285714285714285,0.14285714285714285
fold_10valid.csv,project545,0,5,0,0
fold_10valid.csv,project788,0,5,0,0
fold_10valid.csv,project948,1,5,1.0,1.0
fold_10valid.csv,project926,0,5,0,0
fold_10valid.csv,project577,0,5,0,0
fold_10valid.csv,project186,0,5,0,0
fold_10valid.csv,project7,0,5,0,0
fold_10valid.csv,project246,0,5,0,0
fold_10valid.csv,project377,1,5,0.25,0.25
fold_10valid.csv,project815,0,5,0,0
fold_10valid.csv,project674,1,5,0.5,0.5
fold_10valid.csv,project601,0,5,0,0
fold_10valid.csv,project289,0,5,0,0
fold_10valid.csv,project585,0,5,0,0
fold_10valid.csv,project441,1,5,1.0,1.0
fold_10valid.csv,project237,0,5,0,0
fold_10valid.csv,project937,0,5,0,0
fold_10valid.csv,project774,0,5,0,0
fold_10valid.csv,project759,0,5,0,0
fold_10valid.csv,project991,0,5,0,0
fold_10valid.csv,project115,0,5,0,0
fold_10valid.csv,project526,0,5,0,0
fold_10valid.csv,project197,1,5,1.0,1.0
fold_10valid.csv,project5,0,5,0,0
fold_10valid.csv,project355,1,5,1.0,1.0
fold_10valid.csv,project781,0,5,0,0
fold_10valid.csv,project546,0,5,0,0
fold_10valid.csv,project98,0,5,0,0
fold_10valid.csv,project287,1,5,1.0,1.0
fold_10valid.csv,project579,0,5,0,0
fold_10valid.csv,project837,0,5,0,0
fold_10valid.csv,project278,0,5,0,0
fold_10valid.csv,project701,0,5,0,0
fold_10valid.csv,project596,0,5,0,0
fold_10valid.csv,project795,0,5,0,0
fold_10valid.csv,project42,1,5,0.5,0.5
fold_10valid.csv,project334,1,5,0.2,0.2
fold_10valid.csv,project133,0,5,0,0
fold_10valid.csv,project301,1,5,0.5,0.5
fold_10valid.csv,project259,0,5,0.16666666666666666,0.16666666666666666
fold_10valid.csv,project851,0,5,0,0
fold_10valid.csv,project195,0,5,0,0
fold_10valid.csv,project31,0,5,0,0
fold_10valid.csv,project44,0,5,0,0
fold_10valid.csv,project282,0,5,0,0
fold_10valid.csv,project804,1,5,1.0,1.0
fold_10valid.csv,project761,0,5,0,0
fold_10valid.csv,project452,1,5,0.25,0.25
fold_10valid.csv,project436,1,5,1.0,1.0
fold_10valid.csv,project949,1,5,0.3333333333333333,0.3333333333333333
fold_10valid.csv,project389,1,5,1.0,1.0
fold_10valid.csv,project736,0,5,0,0
fold_10valid.csv,project47,0,5,0,0
fold_10valid.csv,project380,0,5,0,0
fold_10valid.csv,project432,1,5,1.0,1.0
fold_10valid.csv,project754,0,5,0,0
fold_10valid.csv,project713,0,5,0,0
fold_10valid.csv,project255,0,5,0,0
fold_10valid.csv,project430,1,5,0.25,0.25
fold_10valid.csv,project503,1,5,0.5,0.5
fold_10valid.csv,project471,1,5,0.5,0.5
fold_10valid.csv,project454,0,5,0,0
fold_10valid.csv,project893,0,5,0,0
fold_10valid.csv,project425,1,5,0.25,0.25
fold_10valid.csv,project196,0,5,0,0
fold_10valid.csv,project748,0,5,0,0
fold_10valid.csv,project923,0,5,0,0
fold_10valid.csv,project961,0,5,0,0
fold_10valid.csv,project23,1,5,0.5,0.5
fold_10valid.csv,project676,0,5,0,0
fold_10valid.csv,project253,1,5,0.3333333333333333,0.3333333333333333
fold_10valid.csv,project462,1,5,0.25,0.25
fold_10valid.csv,project141,1,5,0.25,0.25
fold_10valid.csv,project891,1,5,0.5,0.5
fold_10valid.csv,project662,1,5,1.0,1.0
fold_10valid.csv,project649,1,5,0.3333333333333333,0.3333333333333333
fold_10valid.csv,project78,0,5,0,0
fold_10valid.csv,project103,0,5,0,0
fold_10valid.csv,project501,0,5,0,0
fold_10valid.csv,project37,0,5,0,0
fold_10valid.csv,project27,0,5,0,0
fold_10valid.csv,project500,1,5,0.5,0.5
