file,app,iscorrect,topk,firstrankIscorrect
,,0,,0
fold_1valid.csv,MaterialFBook.apk,1,10,1
fold_1valid.csv,wallet.apk,1,10,1
fold_1valid.csv,indigenous-android.apk,1,10,1
fold_1valid.csv,LocationShare.apk,1,10,1
fold_1valid.csv,日程桌面插件增强版.apk,1,10,1
fold_1valid.csv,NewPipe.apk,1,10,1
fold_1valid.csv,deltachat-android.apk,1,10,1
fold_1valid.csv,9015高尔夫.apk,1,10,1
fold_1valid.csv,swiftp.apk,1,10,1
fold_1valid.csv,oversec.apk,1,10,1
fold_1valid.csv,filmchecker.apk,1,10,1
fold_1valid.csv,Google_Authenticator_v5.00_apkpure.com.apk,1,10,1
fold_1valid.csv,Microsoft_PowerPoint_v16.0.9126.2069_apkpure.com.apk,1,10,1
fold_1valid.csv,简易解压EasyUnrarUnzipZip.apk,1,10,1
fold_2valid.csv,frost.apk,1,10,1
fold_2valid.csv,Mio_GO_v2.7.4.3_apkpure.com.apk,1,10,1
fold_2valid.csv,androidclient.apk,1,10,1
fold_2valid.csv,Cheats_Codes_for_GTA_5_v1.0_apkpure.com.apk,1,10,1
fold_2valid.csv,Korean_Recipes_v23.0.0_apkpure.com.apk,1,10,1
fold_2valid.csv,GotoSleep.apk,1,10,1
fold_2valid.csv,moneywallet.apk,1,10,1
fold_2valid.csv,WeLoop_v2.3.4_apkpure.com.apk,1,10,1
fold_2valid.csv,Mobo_Cupons_para_Restaurantes_e_Delivery_v3.2.0_apkpure.com.apk,1,10,1
fold_2valid.csv,loyalty-card-locker.apk,1,10,1
fold_2valid.csv,Hotspot_VPN_Super_Free_VPN_Unlimited_Proxy_v1.9.9_apkpure.com.apk,1,10,1
fold_2valid.csv,Smart_YouTube_TV_v6.8.2_apkpure.com.apk,1,10,1
fold_2valid.csv,poet-assistant.apk,1,10,1
fold_3valid.csv,pretixprint-android.apk,1,10,1
fold_3valid.csv,Guide_for_GTA_5_v1.0_apkpure.com.apk,1,10,1
fold_3valid.csv,k-9.apk,1,10,1
fold_3valid.csv,RockBox_Fitness_v2.0_apkpure.com.apk,1,10,1
fold_3valid.csv,probe-android.apk,1,10,1
fold_3valid.csv,Munch.apk,1,10,1
fold_3valid.csv,在行一点_v3.2.2_apkpure.com.apk,1,10,1
fold_3valid.csv,HouseOfCards.apk,1,10,1
fold_3valid.csv,Hey_You_by_Beat_the_Q_v4.2.4_apkpure.com.apk,1,10,1
fold_3valid.csv,Authorizer.apk,1,10,1
fold_3valid.csv,Lose_Weight_in_30_Days_v1.0.14_apkpure.com.apk,1,10,1
fold_3valid.csv,AsteroidOSSync.apk,1,10,1
fold_3valid.csv,Hong_Kong_Toolbar_v2.6.5_apkpure.com.apk,1,10,1
fold_3valid.csv,书掌柜_小说阅读追书神器_v2.0.8_apkpure.com.apk,1,10,1
fold_3valid.csv,旅游景点门票.apk,1,10,1
fold_3valid.csv,Viu_v1.18.1_apkpure.com.apk,1,10,1
fold_3valid.csv,Word_Cloud_v2.2.2_apkpure.com.apk,1,10,1
fold_4valid.csv,Box_v4.12.5_apkpure.com.apk,1,10,1
fold_4valid.csv,Microsoft_Launcher_v4.6.2.40792_apkpure.com.apk,1,10,1
fold_4valid.csv,uhabits.apk,1,10,1
fold_4valid.csv,calculator-notification.apk,1,10,1
fold_4valid.csv,PebbleDialer-Android.apk,1,10,1
fold_4valid.csv,FitMenCook_Healthy_Recipes_v1.8_apkpure.com.apk,1,10,1
fold_4valid.csv,HobaBike_v2.1.2_apkpure.com.apk,1,10,1
fold_4valid.csv,85_Cafe_v1.0.8_apkpure.com.apk,1,10,1
fold_4valid.csv,GameFly_v6.61_apkpure.com.apk,1,10,1
fold_4valid.csv,Anki-Android.apk,1,10,1
fold_4valid.csv,ametro.apk,1,10,1
fold_4valid.csv,onpc.apk,1,10,1
fold_4valid.csv,Learn_Chinese_HelloChinese_v4.5.5_apkpure.com.apk,1,10,1
fold_4valid.csv,Touch_VPN_Free_Unlimited_VPN_Proxy_WiFi_Privacy_v1.4.4_apkpure.com.apk,1,10,1
fold_4valid.csv,glt-companion.apk,1,10,1
fold_4valid.csv,OpenManga.apk,1,10,1
fold_4valid.csv,Hendroid.apk,1,10,1
fold_4valid.csv,Home_Workout_No_Equipment_Meal_Planner_v1.0.15_apkpure.com.apk,1,10,1
fold_5valid.csv,祝福短信.apk,1,10,1
fold_5valid.csv,cythara.apk,1,10,1
fold_5valid.csv,SmartOffice_View_Edit_MS_Office_files_PDFs_v3.0.14_apkpure.com.apk,1,10,1
fold_5valid.csv,MusicPiped.apk,1,10,1
fold_5valid.csv,elegant日历.apk,1,10,1
fold_5valid.csv,Aegis.apk,1,10,1
fold_5valid.csv,Drops_Learn_Korean_Japanese_Chinese_language_v25.13_apkpure.com.apk,1,10,1
fold_5valid.csv,Piwigo-Android.apk,1,10,1
fold_5valid.csv,App2SD-节省手机存储.apk,1,10,1
fold_5valid.csv,Images-to-PDF.apk,1,10,1
fold_5valid.csv,35PRM.apk,1,10,1
fold_5valid.csv,dns66.apk,1,10,1
fold_5valid.csv,autoHACK_Free_v1.3.42_apkpure.com.apk,1,10,1
fold_5valid.csv,Audiobooks_from_Audible_v2.22.0_apkpure.com.apk,1,10,1
fold_5valid.csv,智能办公套件.apk,1,10,1
fold_5valid.csv,爱动漫.apk,1,10,1
fold_5valid.csv,droidfish.apk,1,10,1
fold_5valid.csv,RadioDroid.apk,1,10,1
fold_5valid.csv,Drops_Learn_Korean_language_and_Hangul_alphabet_v25.13_apkpure.com.apk,1,10,1
fold_5valid.csv,aelf-dailyreadings.apk,1,10,1
fold_5valid.csv,RapNet_The_Diamond_Market_v2.20.11_apkpure.com.apk,1,10,1
fold_5valid.csv,Send_Anywhere_File_Transfer_v8.3.29_apkpure.com.apk,1,10,1
fold_5valid.csv,publicip-android.apk,1,10,1
fold_5valid.csv,Kore.apk,1,10,1
fold_5valid.csv,NotifyRelay.apk,1,10,1
fold_6valid.csv,tafretjoz_v0.0.1_apkpure.com.apk,1,10,1
fold_6valid.csv,记录爱情侣空间.apk,1,10,1
fold_6valid.csv,chibe.apk,1,10,1
fold_6valid.csv,ViuTV_v1.1.1_apkpure.com.apk,1,10,1
fold_6valid.csv,MPA单词版-课堂外词场.apk,1,10,1
fold_6valid.csv,LogcatReader.apk,1,10,1
fold_6valid.csv,mupen64plus-ae.apk,1,10,1
fold_6valid.csv,Flym.apk,1,10,1
fold_6valid.csv,终极吉他乐谱.apk,1,10,1
fold_6valid.csv,VPN_Lighter_Free_Unlimited_VPN_v2.6.411_apkpure.com.apk,1,10,1
fold_6valid.csv,JW_Language_v2.6.8_apkpure.com.apk,1,10,1
fold_6valid.csv,Standvirtual_Carros_Portugal_v3.4.1_apkpure.com.apk,1,10,1
fold_6valid.csv,mini-vector-android.apk,1,10,1
fold_6valid.csv,blokada.apk,1,10,1
fold_6valid.csv,奇妙_Fantastic_TV_v1.1.10_apkpure.com.apk,1,10,1
fold_7valid.csv,BlitzMail.apk,1,10,1
fold_7valid.csv,dreamDroid.apk,1,10,1
fold_7valid.csv,NoSurfForReddit.apk,1,10,1
fold_7valid.csv,pretixscan-android.apk,1,10,1
fold_7valid.csv,px小f_v5.0.2_apkpure.com.apk,1,10,1
fold_7valid.csv,QuickLyric.apk,1,10,1
fold_7valid.csv,OneTimePass.apk,1,10,1
fold_7valid.csv,MENU_Eat_Like_Local_Foodies_v4.0.0_apkpure.com.apk,1,10,1
fold_7valid.csv,车圣宝典.apk,1,10,1
fold_7valid.csv,PGPClipper.apk,1,10,1
fold_7valid.csv,长城国际心脏病学会议移动会议指南Pro.apk,1,10,1
fold_7valid.csv,open-mensa-android.apk,1,10,1
fold_7valid.csv,生活计时器.apk,1,10,1
fold_7valid.csv,小f王_免M子x器_v2.2.0_apkpure.com.apk,1,10,1
fold_7valid.csv,NoteCrypt.apk,1,10,1
fold_7valid.csv,openinwa.apk,1,10,1
fold_7valid.csv,materialistic.apk,1,10,1
fold_8valid.csv,德语学习快速入门.apk,1,10,1
fold_8valid.csv,Retty_v4.4.177_apkpure.com.apk,1,10,1
fold_8valid.csv,keepassdroid.apk,1,10,1
fold_8valid.csv,闹钟AlarmClockXtreme.apk,1,10,1
fold_8valid.csv,Edmunds_Car_Reviews_Prices_v7.9.4_apkpure.com.apk,1,10,1
fold_8valid.csv,MensaPlan.apk,1,10,1
fold_8valid.csv,谈艾米莉婴儿.apk,1,10,1
fold_8valid.csv,Runtastic_Results_Home_Workouts_Personal_Trainer_v2.5.5_apkpure.com.apk,1,10,1
fold_8valid.csv,QQ轻聊版_v3.6.2_apkpure.com.apk,1,10,1
fold_8valid.csv,PalmCalc.apk,1,10,1
fold_8valid.csv,Fitness_Bodybuilding_v2.1.8_apkpure.com.apk,1,10,1
fold_8valid.csv,Microsoft_Power_BICBusiness_data_analytics_v2.2.180328.111996_apkpure.com.apk,1,10,1
fold_8valid.csv,opengapps_downloader.apk,1,10,1
fold_8valid.csv,Tiny_Scanner_PDF_Scanner_App_v1.2.6_apkpure.com.apk,1,10,1
fold_8valid.csv,粉笔_公务员，事业单位，教师，司法考试必备_v6.4.1_apkpure.com.apk,1,10,1
fold_8valid.csv,LibreraReader.apk,1,10,1
fold_8valid.csv,Citrix_Receiver_v3.13.5_apkpure.com.apk,1,10,1
fold_9valid.csv,Coursera_Online_courses_v2.6.10.2_apkpure.com.apk,1,10,1
fold_9valid.csv,Eda_ua_Доставка_еды_v1.13.2_apkpure.com.apk,1,10,1
fold_9valid.csv,Yummly_Recipes_Shopping_List_v2.0_apkpure.com.apk,1,10,1
fold_9valid.csv,PolovniAutomobili_v4.8.1_apkpure.com.apk,1,10,1
fold_9valid.csv,Signal_Private_Messenger_v4.17.5_apkpure.com.apk,1,10,1
fold_9valid.csv,兜兜公交.apk,1,10,1
fold_9valid.csv,英语学习.apk,1,10,1
fold_9valid.csv,CppDroid_C_C_IDE_v3.3.2_apkpure.com.apk,1,10,1
fold_9valid.csv,bmi-calculator.apk,1,10,1
fold_9valid.csv,公交卡充值.apk,1,10,1
fold_9valid.csv,Udacity_Lifelong_Learning_v4.0.0_apkpure.com.apk,1,10,1
fold_9valid.csv,超级全能插件小工具.apk,1,10,1
fold_9valid.csv,电视迷_TV_App_香港，台湾，_中国大陆等_v1.0.1_apkpure.com.apk,1,10,1
fold_9valid.csv,BBC_News_v4.7.1.13_GNL_apkpure.com.apk,1,10,1
fold_9valid.csv,iCare_Health_Monitor_BP_HR_v3.6.0_apkpure.com.apk,1,10,1
fold_9valid.csv,ExpressVPN_Best_Android_VPN_v6.7.3_apkpure.com.apk,1,10,1
fold_9valid.csv,CoinMarketCap_All_Cryptocurrency_Prices_v1.9.5_apkpure.com.apk,1,10,1
fold_10valid.csv,Drops_Learn_Japanese_language_kanji_and_hiragana_v25.13_apkpure.com.apk,1,10,1
fold_10valid.csv,giggity.apk,1,10,1
fold_10valid.csv,Bread_Recipes_v23.0.0_apkpure.com.apk,1,10,1
fold_10valid.csv,信息备份.apk,1,10,1
fold_10valid.csv,MGit.apk,1,10,1
fold_10valid.csv,特快翻译.apk,1,10,1
fold_10valid.csv,Learn_Languages_from_Native_Speakers_HiNative_v6.8.1_apkpure.com.apk,1,10,1
fold_10valid.csv,Zing_MP3_v18.03.02_apkpure.com.apk,1,10,1
fold_10valid.csv,Amazon_Shopping_v16.6.0.100_apkpure.com.apk,1,10,1
fold_10valid.csv,爱读小说_v1.2.19_apkpure.com.apk,1,10,1
fold_10valid.csv,KeePassDX.apk,1,10,1
fold_10valid.csv,Hauk.apk,1,10,1
fold_10valid.csv,knockonports.apk,1,10,1
fold_10valid.csv,Gospel_Library_v4.4.0.14_apkpure.com.apk,1,10,1
fold_10valid.csv,儿童早教学习卡.apk,1,10,1
fold_10valid.csv,privatelock.apk,1,10,1
fold_10valid.csv,basketbuild_downloader.apk,1,10,1
fold_10valid.csv,车险达人.apk,1,10,1
fold_10valid.csv,AmazeFileManager.apk,1,10,1
fold_10valid.csv,Make_Money_Online_Money_SMS_v6.0.1_apkpure.com.apk,1,10,1
fold_10valid.csv,OpenTracks.apk,1,10,1
fold_10valid.csv,扇贝口语_v1.0.001_apkpure.com.apk,1,10,1
fold_10valid.csv,Learn_Japanese_Speak_Japanese_v6.0.1_apkpure.com.apk,1,10,1
fold_10valid.csv,交点.apk,1,10,1
fold_10valid.csv,App_Annie_v1.39.0_(8680)_apkpure.com.apk,1,10,1
fold_10valid.csv,Films_Go_free_movies_v0.1_apkpure.com.apk,1,10,1
fold_10valid.csv,Fitness_Fantasy_Pedometer_RPG_v1.0.4_apkpure.com.apk,1,10,1
fold_1valid.csv,andstatus.apk,1,10,0.5
fold_1valid.csv,Frichti_v1.7.7_apkpure.com.apk,1,10,0.5
fold_1valid.csv,Sweatcoin_Pays_You_To_Get_Fit_v2.1_apkpure.com.apk,1,10,0.5
fold_1valid.csv,图片视频隐藏.apk,1,10,0.5
fold_1valid.csv,Omni-Notes.apk,1,10,0.5
fold_1valid.csv,FIXD_Vehicle_Health_Monitor_v3.7.2_apkpure.com.apk,1,10,0.5
fold_1valid.csv,Microsoft_Word_v16.0.9126.2069_apkpure.com.apk,1,10,0.5
fold_1valid.csv,中国大学MOOC_v1.6.3_apkpure.com.apk,1,10,0.5
fold_1valid.csv,MozStumbler.apk,1,10,0.5
fold_1valid.csv,android-money-manager-ex.apk,1,10,0.5
fold_1valid.csv,マクドナルド_McDonald_s_Japan_v4.0.25_apkpure.com.apk,1,10,0.5
fold_1valid.csv,TaoMix_Focus_sleep_relax_v1.1.22_apkpure.com.apk,1,10,0.5
fold_1valid.csv,Chocoholic_App_v1.1_apkpure.com.apk,1,10,0.5
fold_1valid.csv,Runtastic_Push_Ups_Trainer_v1.11_apkpure.com.apk,1,10,0.5
fold_2valid.csv,Weight_Loss_Fitness_v1.2.3_apkpure.com.apk,1,10,0.5
fold_2valid.csv,toc2.apk,1,10,0.5
fold_2valid.csv,codename_hippopotamos.apk,1,10,0.5
fold_2valid.csv,PretendYoureXyzzyAndroid.apk,1,10,0.5
fold_2valid.csv,小狐工作.apk,1,10,0.5
fold_2valid.csv,AquaDroid.apk,1,10,0.5
fold_2valid.csv,MissedNotificationsReminder.apk,1,10,0.5
fold_2valid.csv,wifi_backend.apk,1,10,0.5
fold_2valid.csv,Pix-Art-Messenger.apk,1,10,0.5
fold_2valid.csv,乐疯跑.apk,1,10,0.5
fold_2valid.csv,DayDayCook_v3.5.6_apkpure.com.apk,1,10,0.5
fold_2valid.csv,Runkeeper_GPS_Track_Run_Walk_v8.6_apkpure.com.apk,1,10,0.5
fold_2valid.csv,privatelocation.apk,1,10,0.5
fold_2valid.csv,GrowTracker-Android.apk,1,10,0.5
fold_2valid.csv,Codes_for_Grand_Theft_Auto_Vice_City_v1.0.0_apkpure.com.apk,1,10,0.5
fold_2valid.csv,LibreTrivia.apk,1,10,0.5
fold_3valid.csv,Dictionary_com_v7.5.1_apkpure.com.apk,1,10,0.5
fold_3valid.csv,iCare_Eye_Test_Eye_Care_v3.6.0_apkpure.com.apk,1,10,0.5
fold_3valid.csv,北京旅游攻略途途导游.apk,1,10,0.5
fold_3valid.csv,Schemer.apk,1,10,0.5
fold_3valid.csv,iworker.apk,1,10,0.5
fold_3valid.csv,Quark_Browser_Ad_Blocker_Private_Fast_Download_v2.4.1.985_apkpure.com.apk,1,10,0.5
fold_3valid.csv,BaiApp.apk,1,10,0.5
fold_4valid.csv,免费小说_全本小说畅读_v1.2.0_apkpure.com.apk,1,10,0.5
fold_4valid.csv,Drops_Learn_British_English_language_for_free_v25.13_apkpure.com.apk,1,10,0.5
fold_4valid.csv,AdWords_v1.10.1_apkpure.com.apk,1,10,0.5
fold_4valid.csv,mosmetro-android.apk,1,10,0.5
fold_4valid.csv,XLay_v2.1_apkpure.com.apk,1,10,0.5
fold_4valid.csv,Art_And_Craft_Event_List_v1.0_apkpure.com.apk,1,10,0.5
fold_4valid.csv,nextcloud-deck.apk,1,10,0.5
fold_4valid.csv,CHOCO_TV追’__上追「咔迕赓M看_v8.19.5_apkpure.com.apk,1,10,0.5
fold_5valid.csv,Reddit_Top_News_Trending_Memes_Crypto_Updates_v2.26.0_apkpure.com.apk,1,10,0.5
fold_5valid.csv,Morse.apk,1,10,0.5
fold_5valid.csv,AutoScout24_used_car_finder_v9.3.14_apkpure.com.apk,1,10,0.5
fold_5valid.csv,巴哈姆特赢_v1.4.9_apkpure.com.apk,1,10,0.5
fold_5valid.csv,Mi_Bandage_Mi_Band_2_Amazfit_support_v2.8.3_apkpure.com.apk,1,10,0.5
fold_5valid.csv,StarLine_v4.3.951_apkpure.com.apk,1,10,0.5
fold_5valid.csv,MeRadio传媒.apk,1,10,0.5
fold_5valid.csv,全球网络电台.apk,1,10,0.5
fold_5valid.csv,HelloFresh_More_Than_Food_v2.28_apkpure.com.apk,1,10,0.5
fold_5valid.csv,groestlcoin-wallet.apk,1,10,0.5
fold_5valid.csv,bitcoin-wallet.apk,1,10,0.5
fold_5valid.csv,Китайско_русский_словарь_v5.1.7_apkpure.com.apk,1,10,0.5
fold_5valid.csv,AnyMemo.apk,1,10,0.5
fold_6valid.csv,新浪读书.apk,1,10,0.5
fold_6valid.csv,Hindi_Birthday_Cards_v1.0_apkpure.com.apk,1,10,0.5
fold_6valid.csv,AutoBoy_Dash_Cam_BlackBox_v3.6.4_apkpure.com.apk,1,10,0.5
fold_6valid.csv,Udemy_Online_Courses_v4.2.0_apkpure.com.apk,1,10,0.5
fold_6valid.csv,通知栏天气WeatherSlider.apk,1,10,0.5
fold_6valid.csv,SNOW_AR_Camera_v7.2.4_apkpure.com.apk,1,10,0.5
fold_6valid.csv,Lunary-Ethereum-Wallet.apk,1,10,0.5
fold_6valid.csv,odyssey.apk,1,10,0.5
fold_6valid.csv,录音机.apk,1,10,0.5
fold_6valid.csv,Runtastic_Six_Pack_Abs_Workout_Trainer_v1.6_apkpure.com.apk,1,10,0.5
fold_6valid.csv,eReader_Prestigio_Book_Reader_v6.0.0.3_apkpure.com.apk,1,10,0.5
fold_6valid.csv,phyphox-android.apk,1,10,0.5
fold_6valid.csv,Guide_For_Ultraman_Cosmos_All_in_ONe_Aps_New_Updte_v1.1.0_apkpure.com.apk,1,10,0.5
fold_6valid.csv,YouDrive_v3.0.25_apkpure.com.apk,1,10,0.5
fold_6valid.csv,DecSyncCC.apk,1,10,0.5
fold_6valid.csv,OutdoorNavigation.apk,1,10,0.5
fold_6valid.csv,Blinker_Buy_and_Sell_Cars_v4.1.1_apkpure.com.apk,1,10,0.5
fold_6valid.csv,XVIDEOS_v1.0_apkpure.com.apk,1,10,0.5
fold_6valid.csv,OpenDNSUpdater.apk,1,10,0.5
fold_6valid.csv,语音留言.apk,1,10,0.5
fold_6valid.csv,Eat24_Food_Delivery_Takeout_v7.2_apkpure.com.apk,1,10,0.5
fold_7valid.csv,pixelwheels.apk,1,10,0.5
fold_7valid.csv,易到用车.apk,1,10,0.5
fold_7valid.csv,busuu_Easy_Language_Learning_v13.2.0.60_apkpure.com.apk,1,10,0.5
fold_7valid.csv,PixelArtist.apk,1,10,0.5
fold_7valid.csv,PP视频HD.apk,1,10,0.5
fold_7valid.csv,AdAway.apk,1,10,0.5
fold_7valid.csv,Local-GSM-Backend.apk,1,10,0.5
fold_7valid.csv,BT下载器.apk,1,10,0.5
fold_7valid.csv,Viu_for_Tablet_v1.18.1_apkpure.com.apk,1,10,0.5
fold_7valid.csv,Allset_Restaurant_Reservations_Ordering_Near_Me_v1.65_apkpure.com.apk,1,10,0.5
fold_7valid.csv,ogsdroid.apk,1,10,0.5
fold_7valid.csv,网易新闻_v32.1_apkpure.com.apk,1,10,0.5
fold_7valid.csv,GRE单词版-课堂外词场.apk,1,10,0.5
fold_7valid.csv,IMDB电影及电视.apk,1,10,0.5
fold_7valid.csv,osmdroid.apk,1,10,0.5
fold_7valid.csv,不得姐的秘密.apk,1,10,0.5
fold_7valid.csv,AirUnlock-for-Android.apk,1,10,0.5
fold_7valid.csv,Phonograph.apk,1,10,0.5
fold_7valid.csv,Period_Tracker_Clue_Period_Ovulation_Tracker_v4.3.3_apkpure.com.apk,1,10,0.5
fold_8valid.csv,Etar-Calendar.apk,1,10,0.5
fold_8valid.csv,NightLight.apk,1,10,0.5
fold_8valid.csv,POuLBITS-Android.apk,1,10,0.5
fold_8valid.csv,McDonald_s_v5.12.0_apkpure.com.apk,1,10,0.5
fold_8valid.csv,mtg-familiar.apk,1,10,0.5
fold_8valid.csv,Decathlon_Coach_Running_Walking_Fitness_GPS_v1.18.2_apkpure.com.apk,1,10,0.5
fold_8valid.csv,OpenTopoMapViewer.apk,1,10,0.5
fold_8valid.csv,YYNote：memo_task_list_to_do_list_v1.8.1_apkpure.com.apk,1,10,0.5
fold_8valid.csv,criticalmaps-android.apk,1,10,0.5
fold_8valid.csv,open-keychain.apk,1,10,0.5
fold_8valid.csv,免费音乐_全球音乐顶级亿万资源FreeMusic_v2.6.0_apkpure.com.apk,1,10,0.5
fold_8valid.csv,gpstest.apk,1,10,0.5
fold_8valid.csv,Latest_Mehndi_Designs_2017_v1.0_apkpure.com.apk,1,10,0.5
fold_8valid.csv,B612_Beauty_Filter_Camera_v7.2.4_apkpure.com.apk,1,10,0.5
fold_8valid.csv,豆瓣_v5.22.0_apkpure.com.apk,1,10,0.5
fold_8valid.csv,download-navi.apk,1,10,0.5
fold_9valid.csv,加密日记本.apk,1,10,0.5
fold_9valid.csv,Engadget.apk,1,10,0.5
fold_9valid.csv,homebot.apk,1,10,0.5
fold_9valid.csv,Handy-News-Reader.apk,1,10,0.5
fold_9valid.csv,Yammer_v5.5.30.1606_apkpure.com.apk,1,10,0.5
fold_9valid.csv,multivnc.apk,1,10,0.5
fold_9valid.csv,Workday_v2018.11.124.112174_apkpure.com.apk,1,10,0.5
fold_9valid.csv,nock-nock.apk,1,10,0.5
fold_9valid.csv,Audinaut.apk,1,10,0.5
fold_9valid.csv,daily-dozen-android.apk,1,10,0.5
fold_9valid.csv,クラシル_料理レシピ踊でgおいしい_v4.5.0_apkpure.com.apk,1,10,0.5
fold_9valid.csv,神奇彩虹画板.apk,1,10,0.5
fold_9valid.csv,openScale.apk,1,10,0.5
fold_9valid.csv,AdobeAIR.apk,1,10,0.5
fold_9valid.csv,bo-android.apk,1,10,0.5
fold_9valid.csv,VMware_Boxer_v4.11.0.3_apkpure.com.apk,1,10,0.5
fold_10valid.csv,Hahago_芜\羽B成_v2.2.0_apkpure.com.apk,1,10,0.5
fold_10valid.csv,TED精英演讲.apk,1,10,0.5
fold_10valid.csv,Chefling_Shopping_list_recipes_v2.1.5_apkpure.com.apk,1,10,0.5
fold_10valid.csv,Angel_Taxi_v4.2.5_apkpure.com.apk,1,10,0.5
fold_10valid.csv,Unfortunately_Play_services_has_stopped_Fix_v1.3.8_apkpure.com.apk,1,10,0.5
fold_10valid.csv,9_Common_Mistakes_FORTNITE_Battle_Royale_v1.0_apkpure.com.apk,1,10,0.5
fold_10valid.csv,宅男女爱冷笑话.apk,1,10,0.5
fold_1valid.csv,LG_Health_v5.31.71_apkpure.com.apk,1,10,0.333333333
fold_1valid.csv,focus-android.apk,1,10,0.333333333
fold_1valid.csv,anewjkuapp.apk,1,10,0.333333333
fold_1valid.csv,kolabnotes-android.apk,1,10,0.333333333
fold_1valid.csv,蜜蜂导视.apk,1,10,0.333333333
fold_1valid.csv,下厨房_美食菜谱_v6.4.7_apkpure.com.apk,1,10,0.333333333
fold_2valid.csv,habpanelviewer.apk,1,10,0.333333333
fold_2valid.csv,美柚_经期孕育助手，备孕怀孕育儿减肥美容必备_v6.4.1_apkpure.com.apk,1,10,0.333333333
fold_2valid.csv,263云通信.apk,1,10,0.333333333
fold_2valid.csv,authpass.apk,1,10,0.333333333
fold_2valid.csv,matlog.apk,1,10,0.333333333
fold_3valid.csv,NLWeer.apk,1,10,0.333333333
fold_3valid.csv,Nokia_Health_Mate_v3.6.0_apkpure.com.apk,1,10,0.333333333
fold_3valid.csv,PilferShushJammer.apk,1,10,0.333333333
fold_3valid.csv,来电防火墙.apk,1,10,0.333333333
fold_3valid.csv,Freeletics_Bodyweight_v4.30.1_apkpure.com.apk,1,10,0.333333333
fold_3valid.csv,Augment_3D_Augmented_Reality_vv3.4.0-3_apkpure.com.apk,1,10,0.333333333
fold_3valid.csv,network-monitor.apk,1,10,0.333333333
fold_3valid.csv,Sleep_Time_Sleep_Cycle_Smart_Alarm_Clock_Tracker_v1.36.3575_apkpure.com.apk,1,10,0.333333333
fold_3valid.csv,Kolesa_kz_―_авто_объявления_v4.7.1_apkpure.com.apk,1,10,0.333333333
fold_3valid.csv,Clear_Notebook_sharing_app_v5.8.10_apkpure.com.apk,1,10,0.333333333
fold_3valid.csv,Andmade一键分享AndmadeShare.apk,1,10,0.333333333
fold_3valid.csv,古诗词分类赏析.apk,1,10,0.333333333
fold_4valid.csv,LeMondeRssReader.apk,1,10,0.333333333
fold_4valid.csv,中国地图.apk,1,10,0.333333333
fold_4valid.csv,AR_Theatre_v0.2.1_apkpure.com.apk,1,10,0.333333333
fold_4valid.csv,DoubleTwist.apk,1,10,0.333333333
fold_4valid.csv,PassAndroid.apk,1,10,0.333333333
fold_4valid.csv,Inf_VPN_FREE_VPN_v1.8.127_apkpure.com.apk,1,10,0.333333333
fold_4valid.csv,Zubie_v1.20.4_apkpure.com.apk,1,10,0.333333333
fold_4valid.csv,atalk-android.apk,1,10,0.333333333
fold_4valid.csv,Share微博客户端_v2.6.4_apkpure.com.apk,1,10,0.333333333
fold_4valid.csv,かっぱ寿司_v2.0.1_apkpure.com.apk,1,10,0.333333333
fold_5valid.csv,lepsi-rozvrh.apk,1,10,0.333333333
fold_5valid.csv,Salesforce_v15.2_apkpure.com.apk,1,10,0.333333333
fold_5valid.csv,PocketMaps.apk,1,10,0.333333333
fold_5valid.csv,Speaky_Language_Exchange_v9.9.9_apkpure.com.apk,1,10,0.333333333
fold_6valid.csv,HHSMoodle.apk,1,10,0.333333333
fold_6valid.csv,K9-MailClient.apk,1,10,0.333333333
fold_7valid.csv,EternityWallAndroid.apk,1,10,0.333333333
fold_7valid.csv,Kwai_Social_Video_Network_v1.1.2.500214_apkpure.com.apk,1,10,0.333333333
fold_7valid.csv,tazapp-android.apk,1,10,0.333333333
fold_7valid.csv,Persist音量控制.apk,1,10,0.333333333
fold_7valid.csv,qksms.apk,1,10,0.333333333
fold_7valid.csv,iCarros_C_Comprar_Carros_v4.9.10_apkpure.com.apk,1,10,0.333333333
fold_8valid.csv,Aviary.apk,1,10,0.333333333
fold_8valid.csv,AnLinux-Adfree.apk,1,10,0.333333333
fold_8valid.csv,Mods_Codes_for_GTA_5_v1.0.1_apkpure.com.apk,1,10,0.333333333
fold_8valid.csv,小f世界_v1.3.9_apkpure.com.apk,1,10,0.333333333
fold_8valid.csv,EdX_Online_Courses_v2.13.2_apkpure.com.apk,1,10,0.333333333
fold_9valid.csv,Fliggy_酒店机票火车票预订_v8.5.9.031901_apkpure.com.apk,1,10,0.333333333
fold_9valid.csv,plees-tracker.apk,1,10,0.333333333
fold_9valid.csv,Youku_v5.6.1_apkpure.com.apk,1,10,0.333333333
fold_9valid.csv,Calm_Meditate_Sleep_Relax_v3.14_apkpure.com.apk,1,10,0.333333333
fold_9valid.csv,feed-watcher.apk,1,10,0.333333333
fold_9valid.csv,external_jbirdvegas_mGerrit.apk,1,10,0.333333333
fold_9valid.csv,OpenMapKitAndroid.apk,1,10,0.333333333
fold_9valid.csv,librus-client-kotlin.apk,1,10,0.333333333
fold_9valid.csv,LibreNews-Android.apk,1,10,0.333333333
fold_9valid.csv,苏州公交.apk,1,10,0.333333333
fold_10valid.csv,3D_Engine_Auto_v4.4_apkpure.com.apk,1,10,0.333333333
fold_10valid.csv,真实色彩RealColorsPro.apk,1,10,0.333333333
fold_10valid.csv,Medallia_Mobile_2_v2.15.8_apkpure.com.apk,1,10,0.333333333
fold_1valid.csv,Drops_Learn_American_English_language_for_free_v25.13_apkpure.com.apk,1,10,0.25
fold_1valid.csv,Water_Drink_Reminder_v4.251.225_apkpure.com.apk,1,10,0.25
fold_1valid.csv,Blinkist_Nonfiction_Books_v5.5.5_apkpure.com.apk,1,10,0.25
fold_1valid.csv,屠夫买车.apk,1,10,0.25
fold_2valid.csv,aWeather.apk,1,10,0.25
fold_2valid.csv,Virgin_Pulse_v3.98.2_apkpure.com.apk,1,10,0.25
fold_2valid.csv,berlin-vegan-guide.apk,1,10,0.25
fold_3valid.csv,日历闹钟.apk,1,10,0.25
fold_3valid.csv,EtchDroid.apk,1,10,0.25
fold_3valid.csv,Calligraphy_Brush_v1.2.1_apkpure.com.apk,1,10,0.25
fold_3valid.csv,WhatsVPN_Unlimited_Free_VPN_v2.2.341_apkpure.com.apk,1,10,0.25
fold_3valid.csv,Expert_simulator_Farming_Pro_Tips_2018_v1.0_apkpure.com.apk,1,10,0.25
fold_4valid.csv,ensichat.apk,1,10,0.25
fold_4valid.csv,and-bible.apk,1,10,0.25
fold_4valid.csv,Easy_xkcd.apk,1,10,0.25
fold_4valid.csv,触手_热门游戏手游赛事直播平台_v4.0.8.18463_apkpure.com.apk,1,10,0.25
fold_4valid.csv,Dailymotion_Explore_and_watch_videos_v1.21.20_apkpure.com.apk,1,10,0.25
fold_4valid.csv,30_Day_Fitness_Challenge_Workout_at_Home_v1.0.41_apkpure.com.apk,1,10,0.25
fold_5valid.csv,ContentBlocker.apk,1,10,0.25
fold_5valid.csv,openstud_client.apk,1,10,0.25
fold_5valid.csv,Aria2App.apk,1,10,0.25
fold_5valid.csv,Balloon_Animals_v1.0_apkpure.com.apk,1,10,0.25
fold_6valid.csv,Grand_Cheats_for_GTA_5_v1.2_apkpure.com.apk,1,10,0.25
fold_6valid.csv,Upwork_Easily_connect_on_the_go_vv4.19.1.1_apkpure.com.apk,1,10,0.25
fold_6valid.csv,Q_Video_Watch_movies_and_tv_series_online_for_free_v1.2.1_apkpure.com.apk,1,10,0.25
fold_6valid.csv,nextcloud-notes.apk,1,10,0.25
fold_7valid.csv,ZOOM_Cloud_Meetings_v4.1.20185.0205_apkpure.com.apk,1,10,0.25
fold_7valid.csv,Bing_Dictionary_Android_app_v6.5.1_apkpure.com.apk,1,10,0.25
fold_7valid.csv,Vida微图记.apk,1,10,0.25
fold_7valid.csv,英国航空公司.apk,1,10,0.25
fold_8valid.csv,browser.apk,1,10,0.25
fold_8valid.csv,Psiphon_v174_apkpure.com.apk,1,10,0.25
fold_8valid.csv,rpicheck.apk,1,10,0.25
fold_8valid.csv,宝宝成长记录.apk,1,10,0.25
fold_10valid.csv,Calliope-Android-App.apk,1,10,0.25
fold_10valid.csv,AutoScout24_Switzerland_C_Find_your_new_car_v3.2.6_apkpure.com.apk,1,10,0.25
fold_1valid.csv,More-For-GO.apk,1,10,0.2
fold_1valid.csv,Glassdoor_Job_Search_Salaries_Reviews_v6.3.2_apkpure.com.apk,1,10,0.2
fold_2valid.csv,SAP_Concur_v9.54.1_apkpure.com.apk,1,10,0.2
fold_3valid.csv,无线电扫描仪.apk,1,10,0.2
fold_3valid.csv,Cars_com_C_Find_Cars_and_Trucks_For_Sale_v6.10.0_apkpure.com.apk,1,10,0.2
fold_3valid.csv,Imajean_Sketch_v0.67_apkpure.com.apk,1,10,0.2
fold_4valid.csv,云电脑（玩大型游戏的云端超级电脑）_v5.0.1.27_apkpure.com.apk,1,10,0.2
fold_4valid.csv,Conversations.apk,1,10,0.2
fold_5valid.csv,Point.im-Android.apk,1,10,0.2
fold_6valid.csv,AnkiDroid_Flashcards_v2.8.3_apkpure.com.apk,1,10,0.2
fold_7valid.csv,Guide_Sword_Art_Online_Integral_Factor_v1.0_apkpure.com.apk,1,10,0.2
fold_8valid.csv,Learn_English_Vocabulary_6_000_Words_v5.42_apkpure.com.apk,1,10,0.2
fold_9valid.csv,Overchan-Android.apk,1,10,0.2
fold_9valid.csv,PicsArt_Photo_Studio_Collage_Maker_Pic_Editor_v9.32.2_apkpure.com.apk,1,10,0.2
fold_9valid.csv,PlexVPN_v3.2.0_apkpure.com.apk,1,10,0.2
fold_9valid.csv,Kwai_Social_Video_Network_v5.4.2.5357_apkpure.com.apk,1,10,0.2
fold_1valid.csv,Citrix_Secure_Hub_v10.8.10_apkpure.com.apk,1,10,0.166666667
fold_2valid.csv,睿骋OBDⅢ智能管理软件.apk,1,10,0.166666667
fold_2valid.csv,Online_Cheats_for_GTA_5_v1.0_apkpure.com.apk,1,10,0.166666667
fold_2valid.csv,看看爱拍.apk,1,10,0.166666667
fold_3valid.csv,Under_Armour_Record_v3.18.7_apkpure.com.apk,1,10,0.166666667
fold_3valid.csv,Sexy_Pretty_Hot_Girl_Video_Photo_XPX_v2.3_apkpure.com.apk,1,10,0.166666667
fold_5valid.csv,大家中医_v3.8.3_apkpure.com.apk,1,10,0.166666667
fold_5valid.csv,6周完美健身.apk,1,10,0.166666667
fold_5valid.csv,SVG_Converter_Lite_v2.2.0_apkpure.com.apk,1,10,0.166666667
fold_6valid.csv,中国黄页.apk,1,10,0.166666667
fold_6valid.csv,乡村音乐电台.apk,1,10,0.166666667
fold_8valid.csv,DAPNETApp.apk,1,10,0.166666667
fold_8valid.csv,QPython_Python_for_Android_v2.2.3-1_apkpure.com.apk,1,10,0.166666667
fold_10valid.csv,BatteryChargeLimit.apk,1,10,0.166666667
fold_3valid.csv,NordVPN_Private_WiFi_Security_Unlimited_VPN_v2.7.3+playstore_apkpure.com.apk,1,10,0.142857143
fold_6valid.csv,offline-calendar.apk,1,10,0.142857143
fold_6valid.csv,手机淘宝.apk,1,10,0.142857143
fold_7valid.csv,Deliveroo_Restaurant_Delivery_v2.31.1_apkpure.com.apk,1,10,0.142857143
fold_8valid.csv,ocreader.apk,1,10,0.142857143
fold_10valid.csv,openmw-android.apk,1,10,0.142857143
fold_10valid.csv,exodus-android-app.apk,1,10,0.142857143
fold_10valid.csv,block6.apk,1,10,0.142857143
fold_1valid.csv,openhab-android.apk,1,10,0.125
fold_5valid.csv,Freelancer_Hire_Find_Jobs_v3.6.16_apkpure.com.apk,1,10,0.125
fold_6valid.csv,喇叭微商户.apk,1,10,0.111111111
fold_7valid.csv,Simple_Scan_PDF_Scanner_App_v2.0_apkpure.com.apk,1,10,0.111111111
fold_9valid.csv,Drinks.apk,1,10,0.111111111
fold_6valid.csv,桌面备忘录.apk,1,10,0.1
fold_1valid.csv,采宣.apk,0,10,0.090909091
fold_9valid.csv,外勤通.apk,0,10,0.090909091
fold_1valid.csv,Sex_Addiction_v1.0_apkpure.com.apk,0,10,0.083333333
fold_1valid.csv,Imgur_Memes_GIFs_and_More_v4.0.1.6893_apkpure.com.apk,0,10,0.083333333
fold_2valid.csv,RootToolboxFREE工具箱.apk,0,10,0.083333333
fold_9valid.csv,软创论坛.apk,0,10,0.076923077
fold_1valid.csv,Shoebox鞋盒老照片分享.apk,0,10,0.071428571
fold_2valid.csv,Lithium_EPUB_Reader_v0.17.3_apkpure.com.apk,0,10,0.071428571
fold_7valid.csv,口袋行星.apk,0,10,0.071428571
fold_1valid.csv,C小褪_保B、油耗、油r、C行、加油站、定z站_v2.4.12_apkpure.com.apk,0,10,0.058823529
fold_1valid.csv,iKnow99_Car_Aid_Car_management_v2.15.02_apkpure.com.apk,0,10,0.058823529
fold_6valid.csv,Microsoft_Bing_Search_v8.2.26177804_apkpure.com.apk,0,10,0.058823529
fold_2valid.csv,adc.apk,0,10,0.052631579
fold_2valid.csv,家地理－每日精x_v1.1.1_apkpure.com.apk,0,10,0.052631579
fold_5valid.csv,GoToMeeting_v2.7.14_apkpure.com.apk,0,10,0.052631579
fold_2valid.csv,e聚.apk,0,10,0.05
fold_9valid.csv,minetest.apk,0,10,0.05
fold_9valid.csv,VPNET_Connect_the_World_v0.0.3_apkpure.com.apk,0,10,0.05
fold_6valid.csv,Big_Big_Channel_vv1.1.8(9)_apkpure.com.apk,0,10,0.047619048
fold_9valid.csv,AndroVidPro.apk,0,10,0.045454545
fold_2valid.csv,电信黄页.apk,0,10,0.043478261
fold_3valid.csv,Warm_Car_v2.3.0_apkpure.com.apk,0,10,0.043478261
fold_9valid.csv,古典记事本.apk,0,10,0.043478261
fold_7valid.csv,sgtpuzzles.apk,0,10,0.041666667
fold_3valid.csv,osmtracker-android.apk,0,10,0.038461538
fold_10valid.csv,皇包车旅行_境外中文接送机包车游_v6.0.5_apkpure.com.apk,0,10,0.035714286
fold_8valid.csv,My-Notes.apk,0,10,0.03125
fold_8valid.csv,翻东西.apk,0,10,0.029411765
fold_2valid.csv,听风.apk,0,10,0.028571429
fold_4valid.csv,Daily_Yoga_Yoga_Fitness_Plans_v6.2.41_apkpure.com.apk,0,10,0.027777778
fold_5valid.csv,NHK_Easy_Japanese_News_Simple_Fast_and_Useful_v12.1_apkpure.com.apk,0,10,0.023255814
fold_4valid.csv,FirefoxLite.apk,0,10,0.022727273
fold_6valid.csv,PLAY_OF_THE_GAME_MEME_v1.6.0_apkpure.com.apk,0,10,0.021276596
fold_1valid.csv,g匪_v3.1.38_(TW49)_apkpure.com.apk,0,10,0.009090909
fold_1valid.csv,Applicatons/libraries,0,10,0
fold_1valid.csv,超级无线U盘.apk,0,10,0
fold_1valid.csv,clean-status-bar.apk,0,10,0
fold_1valid.csv,Rastreador_Locktronic_vv1.3.1_apkpure.com.apk,0,10,0
fold_1valid.csv,Stack_Overflow_v1.0.4_apkpure.com.apk,0,10,0
fold_1valid.csv,当当繁简.apk,0,10,0
fold_1valid.csv,Sunlogin_remote_control_v8.0.6.27319_apkpure.com.apk,0,10,0
fold_1valid.csv,自由短信通.apk,0,10,0
fold_1valid.csv,合同法.apk,0,10,0
fold_1valid.csv,AeonDroid.apk,0,10,0
fold_1valid.csv,LinkedIn_Job_Search_v1.25.6_apkpure.com.apk,0,10,0
fold_1valid.csv,英文经典爱情语句.apk,0,10,0
fold_1valid.csv,百科全书09.apk,0,10,0
fold_1valid.csv,免M小fg[器_完整的小f整理，操作蔚男≌fxapp_v3.67_apkpure.com.apk,0,10,0
fold_1valid.csv,迷你煮场.apk,0,10,0
fold_1valid.csv,天气铃声.apk,0,10,0
fold_1valid.csv,Getting_Over_It_with_Bennett_Foddy_Game_Guide_v0.78_apkpure.com.apk,0,10,0
fold_1valid.csv,moonlight-android.apk,0,10,0
fold_1valid.csv,短信备份和恢复.apk,0,10,0
fold_1valid.csv,Dj调音器.apk,0,10,0
fold_1valid.csv,南宁求职宝.apk,0,10,0
fold_1valid.csv,双语小报.apk,0,10,0
fold_1valid.csv,六爻排盘.apk,0,10,0
fold_1valid.csv,library.apk,0,10,0
fold_1valid.csv,C语言程序考试.apk,0,10,0
fold_1valid.csv,拼豆拼车.apk,0,10,0
fold_1valid.csv,无限时刻相册.apk,0,10,0
fold_1valid.csv,看点.apk,0,10,0
fold_1valid.csv,宝宝发育手册.apk,0,10,0
fold_1valid.csv,经典故事365日.apk,0,10,0
fold_1valid.csv,标签盒子labelbox.apk,0,10,0
fold_1valid.csv,LINE_LIVE_Live_Video_Sticker_v3.7.1_apkpure.com(2).apk,0,10,0
fold_1valid.csv,瑞通畅聊.apk,0,10,0
fold_1valid.csv,话费易查.apk,0,10,0
fold_1valid.csv,ReoTwe.apk,0,10,0
fold_1valid.csv,Hashr.apk,0,10,0
fold_1valid.csv,长城国际心脏病学会议移动会议指南.apk,0,10,0
fold_1valid.csv,jaws.apk,0,10,0
fold_1valid.csv,Zero_VPN_v4.1.0_apkpure.com.apk,0,10,0
fold_1valid.csv,画图.apk,0,10,0
fold_1valid.csv,综合排盘.apk,0,10,0
fold_1valid.csv,最红星期五.apk,0,10,0
fold_1valid.csv,最简计算器.apk,0,10,0
fold_1valid.csv,dmix.apk,0,10,0
fold_1valid.csv,5ZD排行榜.apk,0,10,0
fold_1valid.csv,简易文件管理.apk,0,10,0
fold_1valid.csv,Hi吧电话群聊.apk,0,10,0
fold_1valid.csv,新闻资讯_邮趣订阅.apk,0,10,0
fold_1valid.csv,NFCMessageBoard.apk,0,10,0
fold_1valid.csv,PlayWidget.apk,0,10,0
fold_1valid.csv,Beijing_Air_Quality_北京空气质量_v3.2.0_apkpure.com.apk,0,10,0
fold_1valid.csv,世界时钟.apk,0,10,0
fold_2valid.csv,Applicatons/libraries,0,10,0
fold_2valid.csv,一键110.apk,0,10,0
fold_2valid.csv,辐射查查看.apk,0,10,0
fold_2valid.csv,每日一名画.apk,0,10,0
fold_2valid.csv,四级单词-课堂外词场.apk,0,10,0
fold_2valid.csv,老人机助手.apk,0,10,0
fold_2valid.csv,chronosnap.apk,0,10,0
fold_2valid.csv,自由行攻略.apk,0,10,0
fold_2valid.csv,百荷湾.apk,0,10,0
fold_2valid.csv,高中英语人教版必修四.apk,0,10,0
fold_2valid.csv,融知网.apk,0,10,0
fold_2valid.csv,八字合婚.apk,0,10,0
fold_2valid.csv,掌上健康.apk,0,10,0
fold_2valid.csv,dscautorename.apk,0,10,0
fold_2valid.csv,妖精的尾巴.apk,0,10,0
fold_2valid.csv,Fundo_Bracelet_v2.3.1_apkpure.com.apk,0,10,0
fold_2valid.csv,百家讲坛全收录_中.apk,0,10,0
fold_2valid.csv,复仇者联盟动态壁纸.apk,0,10,0
fold_2valid.csv,ImapNote2.apk,0,10,0
fold_2valid.csv,网络工程师考试.apk,0,10,0
fold_2valid.csv,闪购电影票.apk,0,10,0
fold_2valid.csv,靓丽大S安卓手机桌面.apk,0,10,0
fold_2valid.csv,FasterGPS.apk,0,10,0
fold_2valid.csv,App管家(AppManager).apk,0,10,0
fold_2valid.csv,绿叶VPN_Green新品_v2.1.0_apkpure.com.apk,0,10,0
fold_2valid.csv,BusyBoxPro.apk,0,10,0
fold_2valid.csv,3D_Logo_Maker_Name_Art_Logo_Creator_Designer_v1.4_apkpure.com.apk,0,10,0
fold_2valid.csv,GfxTablet.apk,0,10,0
fold_2valid.csv,朗拓软件.apk,0,10,0
fold_2valid.csv,爱侃起.apk,0,10,0
fold_2valid.csv,肌肤自测.apk,0,10,0
fold_2valid.csv,藏獒在线视频.apk,0,10,0
fold_2valid.csv,好照片.apk,0,10,0
fold_2valid.csv,Psiphon_3_Free_VPN_Unlimited_Proxy_Proxy_Master_v1.2.0_apkpure.com.apk,0,10,0
fold_2valid.csv,gasflow.apk,0,10,0
fold_2valid.csv,时间气象.apk,0,10,0
fold_2valid.csv,bulkshare.apk,0,10,0
fold_2valid.csv,国庆节.apk,0,10,0
fold_2valid.csv,新浪公开课.apk,0,10,0
fold_2valid.csv,驱魔者(高清).apk,0,10,0
fold_2valid.csv,新华报摘.apk,0,10,0
fold_2valid.csv,微妹.apk,0,10,0
fold_2valid.csv,GKB全宅手机控.apk,0,10,0
fold_2valid.csv,购开心.apk,0,10,0
fold_2valid.csv,moneybalance.apk,0,10,0
fold_2valid.csv,DroiHealth_v3.1.041.0118_apkpure.com.apk,0,10,0
fold_2valid.csv,NeuralNetworkSimulator.apk,0,10,0
fold_2valid.csv,阅秀区.apk,0,10,0
fold_2valid.csv,Awesome-Live-Wallpaper.apk,0,10,0
fold_2valid.csv,100个经典管理案例.apk,0,10,0
fold_2valid.csv,IsPhoneEncrypted.apk,0,10,0
fold_2valid.csv,高跟鞋的甜美约会.apk,0,10,0
fold_2valid.csv,BobBall.apk,0,10,0
fold_3valid.csv,Applicatons/libraries,0,10,0
fold_3valid.csv,Minimal-Todo.apk,0,10,0
fold_3valid.csv,Huawei_HiLink_Mobile_WiFi_v8.0.3.302_apkpure.com.apk,0,10,0
fold_3valid.csv,openpass.apk,0,10,0
fold_3valid.csv,PC_DIMMER_Android.apk,0,10,0
fold_3valid.csv,佩拉猫壁纸.apk,0,10,0
fold_3valid.csv,35EQ.apk,0,10,0
fold_3valid.csv,微讯.apk,0,10,0
fold_3valid.csv,getChromium.apk,0,10,0
fold_3valid.csv,天生购物狂.apk,0,10,0
fold_3valid.csv,江苏科技大学信息系统.apk,0,10,0
fold_3valid.csv,android-fortune.apk,0,10,0
fold_3valid.csv,花・语-送花贴士.apk,0,10,0
fold_3valid.csv,114查号.apk,0,10,0
fold_3valid.csv,谷歌天气.apk,0,10,0
fold_3valid.csv,find3-android-scanner.apk,0,10,0
fold_3valid.csv,南宁招聘宝.apk,0,10,0
fold_3valid.csv,G2_扔命c餐、外外送餐、位、叫_v1.1_apkpure.com.apk,0,10,0
fold_3valid.csv,React.apk,0,10,0
fold_3valid.csv,SD卡文件管理器.apk,0,10,0
fold_3valid.csv,课表速查.apk,0,10,0
fold_3valid.csv,爱彩铃.apk,0,10,0
fold_3valid.csv,大拇指代驾C.apk,0,10,0
fold_3valid.csv,开开点评.apk,0,10,0
fold_3valid.csv,手机控制ppt.apk,0,10,0
fold_3valid.csv,极速下载.apk,0,10,0
fold_3valid.csv,奥运助手.apk,0,10,0
fold_3valid.csv,APK权限修改器.apk,0,10,0
fold_3valid.csv,即年历.apk,0,10,0
fold_3valid.csv,micopi_android.apk,0,10,0
fold_3valid.csv,电池消耗分析MyBatteryDrainAnalyser.apk,0,10,0
fold_3valid.csv,专业起名.apk,0,10,0
fold_3valid.csv,动物声音秀.apk,0,10,0
fold_3valid.csv,回到三国狗血剧照.apk,0,10,0
fold_3valid.csv,标签记账.apk,0,10,0
fold_3valid.csv,roottools.apk,0,10,0
fold_3valid.csv,数据库技术考试.apk,0,10,0
fold_3valid.csv,movim_android.apk,0,10,0
fold_3valid.csv,MoTAC.apk,0,10,0
fold_3valid.csv,263移动会议.apk,0,10,0
fold_3valid.csv,报关员考试.apk,0,10,0
fold_3valid.csv,高中英语人教版必修二.apk,0,10,0
fold_3valid.csv,analyticaChina慕尼黑上海分析生化展.apk,0,10,0
fold_3valid.csv,otp-authenticator.apk,0,10,0
fold_3valid.csv,清晰梦境.apk,0,10,0
fold_3valid.csv,长沙太平洋电影.apk,0,10,0
fold_3valid.csv,一机多图.apk,0,10,0
fold_3valid.csv,随手译.apk,0,10,0
fold_3valid.csv,经济师资格考试(中级).apk,0,10,0
fold_3valid.csv,batsHIIT.apk,0,10,0
fold_3valid.csv,网词扫盲.apk,0,10,0
fold_3valid.csv,壁纸巫师.apk,0,10,0
fold_4valid.csv,Applicatons/libraries,0,10,0
fold_4valid.csv,orWall.apk,0,10,0
fold_4valid.csv,rental-calc.apk,0,10,0
fold_4valid.csv,游戏数据包管理.apk,0,10,0
fold_4valid.csv,布丁.II.apk,0,10,0
fold_4valid.csv,android-periodic-table.apk,0,10,0
fold_4valid.csv,紫砂壶赏.apk,0,10,0
fold_4valid.csv,微笑天使韩孝珠.apk,0,10,0
fold_4valid.csv,SKencar_v3.0.6_apkpure.com.apk,0,10,0
fold_4valid.csv,Retro_Music_Player_vR_-_1.5.155_20180330_apkpure.com.apk,0,10,0
fold_4valid.csv,节日短信-教师节.apk,0,10,0
fold_4valid.csv,川藏线攻略.apk,0,10,0
fold_4valid.csv,猫咪日记.apk,0,10,0
fold_4valid.csv,掌上学苑.apk,0,10,0
fold_4valid.csv,法律咨询.apk,0,10,0
fold_4valid.csv,peanutEncryption.apk,0,10,0
fold_4valid.csv,淘职宝.apk,0,10,0
fold_4valid.csv,创业与投资.apk,0,10,0
fold_4valid.csv,3G看门狗.apk,0,10,0
fold_4valid.csv,Excel联系人.apk,0,10,0
fold_4valid.csv,你的性格我来测.apk,0,10,0
fold_4valid.csv,司法考试.apk,0,10,0
fold_4valid.csv,Android-PreferencesManager.apk,0,10,0
fold_4valid.csv,双重电池插件.apk,0,10,0
fold_4valid.csv,lexica.apk,0,10,0
fold_4valid.csv,3蛇好运2013SnakeLuck.apk,0,10,0
fold_4valid.csv,闪电动态壁纸.apk,0,10,0
fold_4valid.csv,Доминос_Пицца_C_доставка_пиццы_за_30_минут_v2.0.1133_apkpure.com.apk,0,10,0
fold_4valid.csv,人力资源管理师四级.apk,0,10,0
fold_4valid.csv,d00r-app.apk,0,10,0
fold_4valid.csv,DroidPilot.apk,0,10,0
fold_4valid.csv,Dictionary_Merriam_Webster_v4.1.2_apkpure.com.apk,0,10,0
fold_4valid.csv,BABYNAME.apk,0,10,0
fold_4valid.csv,现代明信片.apk,0,10,0
fold_4valid.csv,X锁屏CyanXLock.apk,0,10,0
fold_4valid.csv,NetCarShow_com_Cars_News_Pictures_Specs_vG.0.7_apkpure.com.apk,0,10,0
fold_4valid.csv,东方易招商.apk,0,10,0
fold_4valid.csv,萌喵.apk,0,10,0
fold_4valid.csv,TMP2_EN_Truck_Manager_Pro_2_v1.23_apkpure.com.apk,0,10,0
fold_4valid.csv,VPN_Turbo_急速免费版_新一代翻墙神器_vpn_turbo_v2.1.0_apkpure.com.apk,0,10,0
fold_4valid.csv,GPK安装器.apk,0,10,0
fold_4valid.csv,OBD_Auto_Doctor_v3.6.0_apkpure.com.apk,0,10,0
fold_4valid.csv,批八字算命.apk,0,10,0
fold_4valid.csv,百科全书08.apk,0,10,0
fold_4valid.csv,Rastreador_ITracker_Flexitron_vv1.3.1_apkpure.com.apk,0,10,0
fold_4valid.csv,第1救援.apk,0,10,0
fold_4valid.csv,苗圃安卓手机桌面壁纸.apk,0,10,0
fold_4valid.csv,爱活动.apk,0,10,0
fold_4valid.csv,七彩导航.apk,0,10,0
fold_4valid.csv,CB校招.apk,0,10,0
fold_4valid.csv,宝贝脸谱.apk,0,10,0
fold_4valid.csv,喜马拉雅FM_v5.4.45.9_apkpure.com.apk,0,10,0
fold_4valid.csv,投资者之窗.apk,0,10,0
fold_4valid.csv,生活方向盘.apk,0,10,0
fold_4valid.csv,BoogDroid.apk,0,10,0
fold_5valid.csv,Applicatons/libraries,0,10,0
fold_5valid.csv,Hand_Simulator_Game_Guide_v0.86_apkpure.com.apk,0,10,0
fold_5valid.csv,图片中国.apk,0,10,0
fold_5valid.csv,2012伦敦奥运奖牌榜.apk,0,10,0
fold_5valid.csv,mythmote.apk,0,10,0
fold_5valid.csv,chromadoze.apk,0,10,0
fold_5valid.csv,药品通.apk,0,10,0
fold_5valid.csv,文件隐藏精灵.apk,0,10,0
fold_5valid.csv,freeotp-android.apk,0,10,0
fold_5valid.csv,八字用神.apk,0,10,0
fold_5valid.csv,openmentoring-mobile.apk,0,10,0
fold_5valid.csv,洛阳印象.apk,0,10,0
fold_5valid.csv,microchip.apk,0,10,0
fold_5valid.csv,T-MobileMyAccount.apk,0,10,0
fold_5valid.csv,百科全书06.apk,0,10,0
fold_5valid.csv,U_Dictionary_Best_English_Learning_Dictionary_v3.5.2_apkpure.com.apk,0,10,0
fold_5valid.csv,宝宝学英语水果篇.apk,0,10,0
fold_5valid.csv,SDL_plugin_for_C4droid_v2.0.4_apkpure.com.apk,0,10,0
fold_5valid.csv,_v2.1.1_apkpure.com.apk,0,10,0
fold_5valid.csv,W路小fg[器_v1.05_apkpure.com.apk,0,10,0
fold_5valid.csv,mta-fare-buster-android.apk,0,10,0
fold_5valid.csv,浪漫的创意婚纱照.apk,0,10,0
fold_5valid.csv,婚纱照.apk,0,10,0
fold_5valid.csv,减肥计划.apk,0,10,0
fold_5valid.csv,3d_drawing_v2.0.1_apkpure.com.apk,0,10,0
fold_5valid.csv,失恋大药瓶.apk,0,10,0
fold_5valid.csv,减肥瘦身.apk,0,10,0
fold_5valid.csv,MyOwnNotes.apk,0,10,0
fold_5valid.csv,android-bankdroid.apk,0,10,0
fold_5valid.csv,LTV_v1.0.2_apkpure.com.apk,0,10,0
fold_5valid.csv,高中高考语文题库.apk,0,10,0
fold_5valid.csv,EZDroid.apk,0,10,0
fold_5valid.csv,各种测试.apk,0,10,0
fold_5valid.csv,速推sutui.apk,0,10,0
fold_5valid.csv,心理咨询师二级.apk,0,10,0
fold_5valid.csv,华文读报.apk,0,10,0
fold_5valid.csv,南方万年历.apk,0,10,0
fold_5valid.csv,族迹.apk,0,10,0
fold_5valid.csv,男士减肥健身.apk,0,10,0
fold_5valid.csv,dualsimreminder.apk,0,10,0
fold_5valid.csv,Multitouch-Test.apk,0,10,0
fold_5valid.csv,e家拍立付.apk,0,10,0
fold_5valid.csv,Pijaret.apk,0,10,0
fold_5valid.csv,早餐加一匙.apk,0,10,0
fold_5valid.csv,bewegungsmelder-android.apk,0,10,0
fold_5valid.csv,MensaGuthaben.apk,0,10,0
fold_5valid.csv,foehnix.apk,0,10,0
fold_5valid.csv,南京旅游游客助手.apk,0,10,0
fold_6valid.csv,Applicatons/libraries,0,10,0
fold_6valid.csv,掌上地图.apk,0,10,0
fold_6valid.csv,即防墙.apk,0,10,0
fold_6valid.csv,一月学会意大利语.apk,0,10,0
fold_6valid.csv,Lyrically.apk,0,10,0
fold_6valid.csv,PMP微课.apk,0,10,0
fold_6valid.csv,Night_Shift_Blue_Light_Filter_Night_Mode_v2.22b_apkpure.com.apk,0,10,0
fold_6valid.csv,Yundows.apk,0,10,0
fold_6valid.csv,高中英语人教版选修八.apk,0,10,0
fold_6valid.csv,android-adbm.apk,0,10,0
fold_6valid.csv,爱图壁纸.apk,0,10,0
fold_6valid.csv,小Y解梦.apk,0,10,0
fold_6valid.csv,OSMonitor.apk,0,10,0
fold_6valid.csv,快报微博客户端.apk,0,10,0
fold_6valid.csv,让照片会说话.apk,0,10,0
fold_6valid.csv,音频控制.apk,0,10,0
fold_6valid.csv,商工登公示查_v1.0.1_apkpure.com.apk,0,10,0
fold_6valid.csv,OMG铃声.apk,0,10,0
fold_6valid.csv,PrepayCredit.apk,0,10,0
fold_6valid.csv,大屏幕联盟.apk,0,10,0
fold_6valid.csv,GlobalProtect_v4.1.0_apkpure.com.apk,0,10,0
fold_6valid.csv,好乐评.apk,0,10,0
fold_6valid.csv,简易手机电筒.apk,0,10,0
fold_6valid.csv,open_flood.apk,0,10,0
fold_6valid.csv,梦幻天气通iBlueSky.apk,0,10,0
fold_6valid.csv,月相.apk,0,10,0
fold_6valid.csv,大板凳应用.apk,0,10,0
fold_6valid.csv,DiolinuxApp.apk,0,10,0
fold_6valid.csv,Alcool_X_Gasolina_v2.1.6_apkpure.com.apk,0,10,0
fold_6valid.csv,品味成都.apk,0,10,0
fold_6valid.csv,jigsaw-android.apk,0,10,0
fold_6valid.csv,金韵蓉美丽锦囊.apk,0,10,0
fold_6valid.csv,3Q记账本.apk,0,10,0
fold_6valid.csv,乐顾订购.apk,0,10,0
fold_6valid.csv,小黑盒_v1.1.23_apkpure.com.apk,0,10,0
fold_6valid.csv,钢琴英雄.apk,0,10,0
fold_6valid.csv,Vital_Tones_Male_Orgasm_v2.1_apkpure.com.apk,0,10,0
fold_6valid.csv,韩国奥拉克.apk,0,10,0
fold_6valid.csv,Pointeuse_S3I.apk,0,10,0
fold_6valid.csv,DroidBeard.apk,0,10,0
fold_6valid.csv,Pomfshare.apk,0,10,0
fold_6valid.csv,天翼俱乐部.apk,0,10,0
fold_6valid.csv,TSF天气插件.apk,0,10,0
fold_6valid.csv,开心印印刷报价.apk,0,10,0
fold_6valid.csv,友达.apk,0,10,0
fold_6valid.csv,无修饰CPU控制工具.apk,0,10,0
fold_6valid.csv,金口诀.apk,0,10,0
fold_6valid.csv,3G电话通.apk,0,10,0
fold_6valid.csv,LIYA旗舰店.apk,0,10,0
fold_7valid.csv,Applicatons/libraries,0,10,0
fold_7valid.csv,百家讲坛全收录_上.apk,0,10,0
fold_7valid.csv,motp.apk,0,10,0
fold_7valid.csv,手机卡拉OK.apk,0,10,0
fold_7valid.csv,CIAAR2012.apk,0,10,0
fold_7valid.csv,美丽街.apk,0,10,0
fold_7valid.csv,devinettes-android.apk,0,10,0
fold_7valid.csv,radiocells-scanner-android.apk,0,10,0
fold_7valid.csv,车载多媒体娱乐应用Autolink_v2.0.10_apkpure.com.apk,0,10,0
fold_7valid.csv,难忘经典华语电影.apk,0,10,0
fold_7valid.csv,Nas_Sport_Controller_v3.3.1_apkpure.com.apk,0,10,0
fold_7valid.csv,会展通.apk,0,10,0
fold_7valid.csv,MetalabDoorWidget.apk,0,10,0
fold_7valid.csv,曾檐.apk,0,10,0
fold_7valid.csv,节日短信_中秋国庆版.apk,0,10,0
fold_7valid.csv,首都图书馆HD.apk,0,10,0
fold_7valid.csv,做专业爸妈.apk,0,10,0
fold_7valid.csv,fb-client-android.apk,0,10,0
fold_7valid.csv,苏州旅游.apk,0,10,0
fold_7valid.csv,鹅毛笔(高清).apk,0,10,0
fold_7valid.csv,图书比价助手.apk,0,10,0
fold_7valid.csv,妈妈买.apk,0,10,0
fold_7valid.csv,Plumble.apk,0,10,0
fold_7valid.csv,指尖轻舞桌面.apk,0,10,0
fold_7valid.csv,Guide_ForCraft_v3.2_apkpure.com.apk,0,10,0
fold_7valid.csv,期货从业人员资格考试.apk,0,10,0
fold_7valid.csv,安大青梅.apk,0,10,0
fold_7valid.csv,金牌妈妈孕期指导.apk,0,10,0
fold_7valid.csv,九寨沟.apk,0,10,0
fold_7valid.csv,魔乐歌.apk,0,10,0
fold_7valid.csv,云词英语.apk,0,10,0
fold_7valid.csv,ElpeEfpeAndroid.apk,0,10,0
fold_7valid.csv,供热视界.apk,0,10,0
fold_7valid.csv,我爱电视.apk,0,10,0
fold_7valid.csv,百科全书04.apk,0,10,0
fold_7valid.csv,百科全书07.apk,0,10,0
fold_7valid.csv,365健康卫士.apk,0,10,0
fold_7valid.csv,reminders.apk,0,10,0
fold_7valid.csv,APP安装器.apk,0,10,0
fold_7valid.csv,外销员考试.apk,0,10,0
fold_7valid.csv,魏晨.apk,0,10,0
fold_7valid.csv,得到_v2.7.5_apkpure.com.apk,0,10,0
fold_7valid.csv,BeeCount.apk,0,10,0
fold_7valid.csv,铃木杭州分公司.apk,0,10,0
fold_7valid.csv,懒妈咪育儿.apk,0,10,0
fold_7valid.csv,电子卡片管理软件passbox.apk,0,10,0
fold_7valid.csv,新鲜玩意.apk,0,10,0
fold_7valid.csv,企业宝旅游版.apk,0,10,0
fold_7valid.csv,八字排盘.apk,0,10,0
fold_7valid.csv,游戏分类助手.apk,0,10,0
fold_8valid.csv,Applicatons/libraries,0,10,0
fold_8valid.csv,女性心理测试1.apk,0,10,0
fold_8valid.csv,l斯理小f全集_繁中正w_v1.4_apkpure.com.apk,0,10,0
fold_8valid.csv,episodes.apk,0,10,0
fold_8valid.csv,游戏启动管理.apk,0,10,0
fold_8valid.csv,NASA地球仪.apk,0,10,0
fold_8valid.csv,宝宝学英语动物篇.apk,0,10,0
fold_8valid.csv,食疗保健.apk,0,10,0
fold_8valid.csv,梦时光.apk,0,10,0
fold_8valid.csv,六爻断卦.apk,0,10,0
fold_8valid.csv,幼儿启蒙算术.apk,0,10,0
fold_8valid.csv,cdl-companion-android.apk,0,10,0
fold_8valid.csv,HDCallerIDPro高清来电专业版升级包.apk,0,10,0
fold_8valid.csv,KM智问智答.apk,0,10,0
fold_8valid.csv,吃货豆.apk,0,10,0
fold_8valid.csv,天才儿童右脑识字.apk,0,10,0
fold_8valid.csv,Hangar.apk,0,10,0
fold_8valid.csv,Claystone桌面插件-蓝莓.apk,0,10,0
fold_8valid.csv,Yousician_Learn_Guitar_Piano_Bass_Ukulele_v2.44.1_apkpure.com.apk,0,10,0
fold_8valid.csv,育婴师职业资格考试.apk,0,10,0
fold_8valid.csv,怀孕禁吃.apk,0,10,0
fold_8valid.csv,Mach3Pendant.apk,0,10,0
fold_8valid.csv,风行电影Pad版.apk,0,10,0
fold_8valid.csv,安卓资讯.apk,0,10,0
fold_8valid.csv,音乐创作SunVox.apk,0,10,0
fold_8valid.csv,伴我游武汉.apk,0,10,0
fold_8valid.csv,Claystone桌面插件-复仇.apk,0,10,0
fold_8valid.csv,魔兽世界cosplay集锦.apk,0,10,0
fold_8valid.csv,2013星座达人.apk,0,10,0
fold_8valid.csv,爱拍.apk,0,10,0
fold_8valid.csv,儿童数学专家.apk,0,10,0
fold_8valid.csv,mercury.apk,0,10,0
fold_8valid.csv,心灵明灯.apk,0,10,0
fold_8valid.csv,WoW_Legion_Companion_v1.3.51_apkpure.com.apk,0,10,0
fold_8valid.csv,有哇移动搜索.apk,0,10,0
fold_8valid.csv,你的益达女主角郭碧婷.apk,0,10,0
fold_8valid.csv,自由门VPN_老牌专注十年VPN专家_优于Opera_Robot_Betternet_Psiphon_v2.1.0_apkpure.com.apk,0,10,0
fold_8valid.csv,ChinesePinyinFlashCard.apk,0,10,0
fold_8valid.csv,品酒笔记.apk,0,10,0
fold_8valid.csv,Lingvist_learn_a_language_C_fast_v2.23.4_apkpure.com.apk,0,10,0
fold_8valid.csv,梅花网.apk,0,10,0
fold_8valid.csv,云帆VPN（送3个月VIP流量）_v1.9_apkpure.com.apk,0,10,0
fold_8valid.csv,2012财运测试.apk,0,10,0
fold_8valid.csv,清点自己.apk,0,10,0
fold_8valid.csv,ExaltedDicer.apk,0,10,0
fold_8valid.csv,当下云摘.apk,0,10,0
fold_8valid.csv,那些年最美沈佳仪.apk,0,10,0
fold_8valid.csv,轻活动.apk,0,10,0
fold_8valid.csv,MP3标签编辑器MP3dit.apk,0,10,0
fold_8valid.csv,Wallpapers_HD_4K_Backgrounds_v2.0.5_apkpure.com.apk,0,10,0
fold_8valid.csv,最爱邪恶小清新.apk,0,10,0
fold_8valid.csv,象山大小事.apk,0,10,0
fold_8valid.csv,你和ta的缘分测试.apk,0,10,0
fold_9valid.csv,Applicatons/libraries,0,10,0
fold_9valid.csv,简明日语－和安娜一起学日语_v1.10.19_apkpure.com.apk,0,10,0
fold_9valid.csv,Device-Explorer.apk,0,10,0
fold_9valid.csv,安利皇后厨房.apk,0,10,0
fold_9valid.csv,快来测测你的性格.apk,0,10,0
fold_9valid.csv,秘密盒子SecretBox.apk,0,10,0
fold_9valid.csv,手语词典.apk,0,10,0
fold_9valid.csv,人教必修五.apk,0,10,0
fold_9valid.csv,Greenify_v3.8.5_apkpure.com.apk,0,10,0
fold_9valid.csv,冰川时代3(高清).apk,0,10,0
fold_9valid.csv,debatekeeper.apk,0,10,0
fold_9valid.csv,Android-BMI.apk,0,10,0
fold_9valid.csv,查应用.apk,0,10,0
fold_9valid.csv,伊凡IT门户.apk,0,10,0
fold_9valid.csv,美肤软件.apk,0,10,0
fold_9valid.csv,内存清理.apk,0,10,0
fold_9valid.csv,SIE成绩查询.apk,0,10,0
fold_9valid.csv,车管宝.apk,0,10,0
fold_9valid.csv,现代企业推销学.apk,0,10,0
fold_9valid.csv,街女计时动态壁纸.apk,0,10,0
fold_9valid.csv,aiproute.apk,0,10,0
fold_9valid.csv,韩国组合2NE.apk,0,10,0
fold_9valid.csv,三星音频(手机专用).apk,0,10,0
fold_9valid.csv,泰国游记.apk,0,10,0
fold_9valid.csv,百变大咖秀谢娜恶搞.apk,0,10,0
fold_9valid.csv,乐谱电子菜谱.apk,0,10,0
fold_9valid.csv,泡周末.apk,0,10,0
fold_9valid.csv,passera.apk,0,10,0
fold_9valid.csv,cidrcalculator.apk,0,10,0
fold_9valid.csv,Gmate.apk,0,10,0
fold_9valid.csv,一秒翻墙_急速免费秒翻vpn，豆荚vpn行云VPN红杏翻墙VPN网易灰熊加速器迅游网游加速器百灵_v1.2.0.1_apkpure.com.apk,0,10,0
fold_9valid.csv,社会工作实务中级.apk,0,10,0
fold_9valid.csv,活动汇.apk,0,10,0
fold_9valid.csv,波士通.apk,0,10,0
fold_9valid.csv,TV购.apk,0,10,0
fold_9valid.csv,metrodroid.apk,0,10,0
fold_9valid.csv,瑜伽健身.apk,0,10,0
fold_9valid.csv,hot_xhub_video_x_plus_v10.10.17_apkpure.com.apk,0,10,0
fold_9valid.csv,5ZD排行榜(HD).apk,0,10,0
fold_9valid.csv,四川电信掌上营业厅.apk,0,10,0
fold_9valid.csv,码上购.apk,0,10,0
fold_9valid.csv,V380_v5.9.2_apkpure.com.apk,0,10,0
fold_9valid.csv,免费看－vip视频神器_v3.4_apkpure.com.apk,0,10,0
fold_9valid.csv,企业项目管理.apk,0,10,0
fold_9valid.csv,百里挑一.apk,0,10,0
fold_9valid.csv,英超2012直播.apk,0,10,0
fold_9valid.csv,云课程表.apk,0,10,0
fold_10valid.csv,Applicatons/libraries,0,10,0
fold_10valid.csv,扫描Scan.apk,0,10,0
fold_10valid.csv,联通沃秀.apk,0,10,0
fold_10valid.csv,掌上游洛阳老城大街.apk,0,10,0
fold_10valid.csv,Android-Remote.apk,0,10,0
fold_10valid.csv,A+时尚手电筒.apk,0,10,0
fold_10valid.csv,每天都读.apk,0,10,0
fold_10valid.csv,3D照片分享.apk,0,10,0
fold_10valid.csv,正点工具箱-1.5专版.apk,0,10,0
fold_10valid.csv,微卡.apk,0,10,0
fold_10valid.csv,文件隐藏专家.apk,0,10,0
fold_10valid.csv,华丽动态天气.apk,0,10,0
fold_10valid.csv,女性私密心理测试.apk,0,10,0
fold_10valid.csv,opentraining.apk,0,10,0
fold_10valid.csv,养车账.apk,0,10,0
fold_10valid.csv,EOBD_Facile_OBD2_Car_Diagnostics_ScanTool_elm327_v2.87.0531_apkpure.com.apk,0,10,0
fold_10valid.csv,辣妈秀.apk,0,10,0
fold_10valid.csv,gift-card-guard.apk,0,10,0
fold_10valid.csv,麦壳阅读.apk,0,10,0
fold_10valid.csv,Qixel_Pixel_Art_Maker_Free_v1.2.3_apkpure.com.apk,0,10,0
fold_10valid.csv,桌游助手.apk,0,10,0
fold_10valid.csv,MDict_v1.1.3_apkpure.com.apk,0,10,0
fold_10valid.csv,最美琼瑶名角.apk,0,10,0
fold_10valid.csv,中国梦想秀.apk,0,10,0
fold_10valid.csv,教育心理学.apk,0,10,0
fold_10valid.csv,人力资源管理师二级.apk,0,10,0
fold_10valid.csv,cat-avatar-generator-app.apk,0,10,0
fold_10valid.csv,SeriesGuide_C_Show_Movie_Manager_v42_apkpure.com.apk,0,10,0
fold_10valid.csv,TCL多屏互动2.1.apk,0,10,0
fold_10valid.csv,hackdash.apk,0,10,0
fold_10valid.csv,NamePK.apk,0,10,0
fold_10valid.csv,轻听英语_朗易思听全新品牌_v1.5.1_apkpure.com.apk,0,10,0
fold_10valid.csv,BlitzTypeKeyboard.apk,0,10,0
fold_10valid.csv,奇门遁甲.apk,0,10,0
fold_10valid.csv,muzei-bingimageoftheday.apk,0,10,0
fold_10valid.csv,新浪博客.apk,0,10,0
fold_10valid.csv,Fillet_for_Chefs_v1.1.1_apkpure.com.apk,0,10,0
fold_10valid.csv,固体力学2.apk,0,10,0
fold_10valid.csv,MediaRemote媒体远程.apk,0,10,0
fold_10valid.csv,石墨文档_v2.2.2_apkpure.com.apk,0,10,0
fold_10valid.csv,梆梆程序管理.apk,0,10,0
fold_10valid.csv,扇贝.apk,0,10,0
fold_10valid.csv,OpenBikeSharing.apk,0,10,0
fold_10valid.csv,pipepanic-android.apk,0,10,0
fold_10valid.csv,MM随手传.apk,0,10,0
fold_10valid.csv,hn-android.apk,0,10,0
fold_10valid.csv,李孝利手机桌面壁纸.apk,0,10,0
fold_10valid.csv,OpenAPK.apk,0,10,0
fold_10valid.csv,文件分享.apk,0,10,0
fold_10valid.csv,点点热.apk,0,10,0
fold_10valid.csv,影谱.apk,0,10,0
fold_10valid.csv,碧桂园十里银滩.apk,0,10,0
fold_10valid.csv,3Q日记.apk,0,10,0
fold_10valid.csv,meteroid.apk,0,10,0
fold_10valid.csv,宋词生成器_v1.05_apkpure.com.apk,0,10,0
fold_10valid.csv,我播智能遥控.apk,0,10,0
fold_10valid.csv,第三只眼.apk,0,10,0
